route_long_name,route_short_name,service_id,total_trips,avg_trip_distance_km,avg_duration_min,duration_stddev_min,avg_speed_kmh
VAN HORNE,10,1,41,3.476668354123831,13.3398374,2.308359023803447,15.937238488539878
FLEMINGDON PARK,100,1,305,10.053292624823383,33.65901639,3.916563274731708,18.16972524637827
FLEMINGDON PARK,100,2,255,10.05309506759924,31.66666667,3.4326384219646155,19.27375857626927
FLEMINGDON PARK,100,3,214,10.05717213173336,30.41121495,2.851309818796803,20.017649218298665
FLEMINGDON PARK,100,4,230,10.054300166666508,30.35217391,2.761910108605115,20.04038038665993
DOWNSVIEW PARK,101,1,78,3.5202205162017774,10.28461538,1.144224843768324,20.703656219727502
DOWNSVIEW PARK,101,2,55,3.507074548439546,9.84,1.1757550765359255,21.561727318980477
DOWNSVIEW PARK,101,3,55,3.507074548439546,9.84,1.1757550765359255,21.561727318980477
DOWNSVIEW PARK,101,4,55,3.507074548439546,9.84,1.1757550765359255,21.561727318980477
MARKHAM RD,102,1,419,17.22013915139906,55.03110581,19.60116927608824,18.79999971847564
MARKHAM RD,102,401,1,8.72630000114441,36.0,0.0,14.543833335240683
MARKHAM RD,102,2,393,18.196292155268235,54.4726039,18.43519876937601,19.92793106375501
MARKHAM RD,102,3,357,18.46390705090277,53.34813259,17.201569531124676,20.50804907302038
MARKHAM RD,102,4,360,18.35102504740159,53.02291667,17.542487716665264,20.485972321958
MOUNT PLEASANT NORTH,103,1,99,3.994936276264865,17.05808081,3.0570807613389683,14.45450419025509
MOUNT PLEASANT NORTH,103,2,105,3.9968884839898062,15.42619048,2.2092672264813364,15.81258814192957
MOUNT PLEASANT NORTH,103,3,101,3.99561278389232,15.36386139,1.8936856882114008,15.79112244055766
MOUNT PLEASANT NORTH,103,4,108,3.99766194930783,15.14583333,1.9866816391121107,16.065343153605163
FAYWOOD,104,1,93,7.732497654294455,25.87096774,3.062874489551334,18.202624307885497
FAYWOOD,104,2,106,7.731952634622466,23.38679245,2.6761375811326618,20.087331280686097
FAYWOOD,104,3,86,7.7322998046875,22.6744186,2.576467116326994,20.73212875250689
FAYWOOD,104,4,94,7.7322998046875,22.70212766,2.483262212845348,20.68782084630958
DUFFERIN NORTH,105,1,160,4.552449882030487,13.6,2.3853720883753113,20.653713621603426
DUFFERIN NORTH,105,2,124,4.552449882030487,11.97580645,1.4781402312311864,23.094081145557862
DUFFERIN NORTH,105,3,115,4.554260751475459,11.22608696,1.6046718183518032,24.70305225966824
DUFFERIN NORTH,105,4,128,4.552449882030487,11.1484375,1.5466185077755121,24.83681350349419
SENTINEL,106,1,150,8.215884733200074,26.94666667,2.7851670606187264,18.487481739282753
SENTINEL,106,401,2,5.806599795818329,18.51666667,0.0,18.81526486493788
SENTINEL,106,2,175,8.208137211799622,25.02857143,1.8249965054481503,19.782686775463283
SENTINEL,106,3,164,8.215305554430659,24.98170732,1.3591270556357458,19.78668854254312
SENTINEL,106,4,176,8.205896092409438,24.98295455,1.3119833693954552,19.759336160152916
YORK UNIVERSITY HEIGHTS,107,1,183,6.89880102522712,22.11593807,3.82174808495049,19.14696587023609
YORK UNIVERSITY HEIGHTS,107,2,113,6.62505734204191,18.3539823,1.744373275299913,21.83848740814001
YORK UNIVERSITY HEIGHTS,107,3,101,6.624942394176332,18.3960396,1.8080086300547127,21.80137143228598
YORK UNIVERSITY HEIGHTS,107,4,113,6.62505734204191,18.3539823,1.744373275299913,21.838487408140008
DRIFTWOOD,108,1,215,11.696481104420368,31.88534884,3.7014723754919014,22.25147321377076
DRIFTWOOD,108,6701,10,12.343100219964981,32.1,2.2113344387495983,23.17038412467923
DRIFTWOOD,108,2,189,11.69533879656798,29.77530864,2.9710352634597452,23.742523090881082
DRIFTWOOD,108,3,158,11.6662337179001,28.89504219,2.720132208495321,24.36093949424413
DRIFTWOOD,108,4,173,11.686482252973008,28.56955684,2.5294421736499944,24.670633788602288
RANEE,109,1,115,6.437213910986548,25.64347826,6.462186067521309,15.670550185185924
RANEE,109,2,107,6.598378499256116,24.54205607,3.6205033311250236,16.37807870666283
RANEE,109,3,92,6.622231517472993,24.06521739,3.5959045177211135,16.84148818019474
RANEE,109,4,99,6.6280191880886,24.12121212,3.467810788101809,16.791317580920637
BAYVIEW,11,1,221,9.278742496244508,33.88235294,15.76509420741421,16.22092321456317
BAYVIEW,11,401,3,14.108899881442388,57.66666667,6.236095644623235,14.839745690106497
BAYVIEW,11,2,171,9.462639139932499,29.00584795,11.623980594691764,18.500421613570406
BAYVIEW,11,3,159,9.420255299727872,29.83018868,11.792337106350418,17.987263233711364
BAYVIEW,11,4,159,9.420255299727872,29.83018868,11.792337106350422,17.987263233711364
ISLINGTON SOUTH,110,1,263,7.934001906771397,23.24765526,3.4721764788214786,20.479407475106484
ISLINGTON SOUTH,110,2,183,7.918485238374583,22.28078324,2.214108496824828,21.273187454594765
ISLINGTON SOUTH,110,3,166,7.92274095508528,21.15983936,2.111782519405725,22.32965927879027
ISLINGTON SOUTH,110,4,186,7.91646128360142,21.16783154,2.052921429804413,22.297489232618293
EAST MALL,111,1,161,8.494495850912532,27.41055901,5.129990606351972,18.973850261217525
EAST MALL,111,401,1,4.232699990272522,15.66666667,0.0,16.210340388277743
EAST MALL,111,2,128,8.618413482327014,25.57135417,3.7290031025000308,20.48951481394404
EAST MALL,111,3,123,8.495239223648863,23.97642276,4.004673718747651,21.39955148346322
EAST MALL,111,4,133,8.623500200590692,24.11804511,3.1989621105025616,21.68490429657809
WEST MALL,112,1,186,13.84997006193284,41.54301075,10.885562084849372,19.85966214394728
WEST MALL,112,401,2,7.116099834442139,11.4,0.0,37.453157023379674
WEST MALL,112,2,135,15.726573723775369,40.02222222,7.313576078891116,23.360125787151706
WEST MALL,112,3,109,15.370243485367626,36.66055046,7.607601441781452,24.94778647227362
WEST MALL,112,4,117,15.615234569606619,37.24786325,7.377380517333927,24.885561870664816
DANFORTH,113,1,123,7.163026710835899,27.1799458,4.665315793324553,16.166484718364558
DANFORTH,113,2,128,7.1965951912570745,25.88815104,4.316449053567937,17.053055932355917
DANFORTH,113,3,91,7.163132844062952,24.96355311,4.02834577349889,17.526288647641582
DANFORTH,113,4,101,7.175490965937624,24.52161716,4.052521349478409,17.901839242437802
QUEENS QUAY EAST,114,1,235,5.3150004588543105,22.93617021,3.7936355174308374,14.24651887371908
QUEENS QUAY EAST,114,2,221,5.315003653187557,20.00904977,2.486144319364444,16.189215545256932
QUEENS QUAY EAST,114,3,221,5.315003653187557,18.89140271,2.032978851283601,17.079802529396314
QUEENS QUAY EAST,114,4,221,5.315003653187557,18.89140271,2.0329788512835982,17.079802529396318
SILVER HILLS,115,1,90,6.281150132417679,20.44444444,4.5901128311261745,19.004454172821067
SILVER HILLS,115,2,72,6.281150132417679,18.11111111,3.4823186542699625,21.212052148569956
SILVER HILLS,115,3,72,6.281150132417679,16.20833333,2.847696437473627,23.570848436035313
SILVER HILLS,115,4,78,6.281150132417679,16.15384615,2.828775775240551,23.646526805553357
MORNINGSIDE,116,1,313,16.63780872300029,49.8299787,11.317408717442506,21.73028420697077
MORNINGSIDE,116,401,7,12.787428421633583,39.02380952,10.11553440413205,19.616128791448222
MORNINGSIDE,116,2,295,16.49078650050244,46.64073446,11.042397271516498,22.80687226251199
MORNINGSIDE,116,3,274,16.43353579470711,44.10225061,10.400028074255658,23.951791021960318
MORNINGSIDE,116,4,275,16.38137675577944,43.94872727,10.687623324180139,24.106794334496833
BIRCHMOUNT SOUTH,117,1,128,7.030129712074995,24.07213542,3.457812529418963,17.730282500604986
BIRCHMOUNT SOUTH,117,2,109,7.118499111965162,23.74311927,2.401848178767552,18.19037198647457
BIRCHMOUNT SOUTH,117,3,91,7.115204423011004,23.6043956,1.8568502272865428,18.19304121615279
BIRCHMOUNT SOUTH,117,4,99,7.115349522443733,23.5959596,1.7861373702596965,18.191212682394273
THISTLE DOWN,118,1,95,12.12849237856112,33.54736842,5.3719905573703715,22.18907841547466
THISTLE DOWN,118,2,87,12.129944574558872,33.08045977,5.48816572335441,22.494741347304387
THISTLE DOWN,118,3,91,12.129186560164442,31.14285714,4.777629713873662,23.780304438373374
THISTLE DOWN,118,4,91,12.129186560164442,31.14285714,4.777629713873662,23.78030443837337
TORBARRIE,119,6701,26,8.450261659347094,27.76923077,3.3662086903140107,18.536857468343577
TORBARRIE,119,1,62,8.457453342214707,29.58064516,4.221864696937927,17.505595656103747
KINGSTON RD,12,1,190,13.367106013176473,42.31903509,8.92181906909644,19.181079435409803
KINGSTON RD,12,401,6,3.430899972716967,12.83333333,5.963267188006551,14.547806910642239
KINGSTON RD,12,2,171,10.831419143520774,34.39610136,4.400141885020156,19.2278876894061
KINGSTON RD,12,3,139,10.823194095824691,32.41043165,4.199515251888545,20.39426865472297
KINGSTON RD,12,4,155,10.830119201180436,32.26849462,4.007289758745251,20.464614952219073
CALVINGTON,120,1,85,8.104607183091781,25.39176471,5.2734955873066385,19.5954579926151
CALVINGTON,120,2,87,8.111717365939041,25.51954023,5.991021489356338,19.707788310441604
CALVINGTON,120,3,82,8.019690367506772,24.65528455,6.046373903849673,20.012936689482327
CALVINGTON,120,4,87,8.111717365939041,24.97931034,5.537831669616196,20.044753719647318
ESPLANADE-RIVER,121,1,121,4.419577715318065,29.3553719,3.247018986656269,9.093847356674871
ESPLANADE-RIVER,121,2,130,4.422780030163435,25.71538462,0.9383669561417314,10.31776175364941
ESPLANADE-RIVER,121,3,117,4.41945729423792,24.60683761,0.8367342393518235,10.80446534182688
ESPLANADE-RIVER,121,4,128,4.416765653877519,24.5546875,0.8178534571326025,10.818720278671558
GRAYDON HALL,122,1,160,9.599657665938139,27.715,4.2045317813045475,21.041809750397114
GRAYDON HALL,122,2,80,9.681203922256827,25.355625,2.8148822549753283,23.064949334147638
GRAYDON HALL,122,3,74,9.586433948697271,25.39054054,3.5764212415493097,22.810553619324402
GRAYDON HALL,122,4,80,9.681203922256827,25.680625,2.9022458302795413,22.771047335666637
SHERWAY,123,1,298,7.262312032032333,21.94630872,6.513058884956985,20.05698217411691
SHERWAY,123,501,1,3.4212999641895294,9.53333333,0.0,21.53265711727676
SHERWAY,123,2,267,9.073716785298304,27.85018727,3.092825750988922,19.728109258593626
SHERWAY,123,3,220,9.075624021210453,26.68181818,2.5169672161039713,20.51115255382218
SHERWAY,123,4,241,9.07176507483874,26.39834025,2.5651343547024275,20.735813223777903
SUNNYBROOK,124,1,182,2.7719219746170465,13.04395604,1.9095600316699615,13.04925166116118
SUNNYBROOK,124,2,136,2.7866000086069107,10.74264706,1.131086954642274,15.69893752557382
SUNNYBROOK,124,3,136,2.7866000086069107,10.95588235,1.3442013103065173,15.518602069050283
SUNNYBROOK,124,4,136,2.7866000086069107,10.86764706,1.3709637203410414,15.64871481727816
DREWRY,125,1,190,3.6801432035471264,13.70114035,2.490936233524038,16.267107602271853
DREWRY,125,2,124,3.6941000458694275,13.20215054,2.163679669476387,16.860698062765508
DREWRY,125,3,122,3.7448787359429185,13.45928962,1.6184178015080926,16.749614946561003
DREWRY,125,4,134,3.7267060173091604,13.41902985,1.8349948971974754,16.746179461512877
CHRISTIE,126,1,96,2.783049985766411,14.90625,2.541645320948618,11.54330376312722
CHRISTIE,126,2,78,2.783049985766411,13.69230769,1.6817854699288808,12.402092981791656
CHRISTIE,126,3,71,2.7836957590680727,12.90140845,1.6796623535402635,13.190814976491186
CHRISTIE,126,4,78,2.783049985766411,12.73076923,1.6921619983904745,13.366149762699802
DAVENPORT,127,1,98,5.947432641472135,27.55102041,5.505326639514389,13.454139520404928
DAVENPORT,127,2,98,5.947432641472135,24.86734694,4.146889060444405,14.792902895989396
DAVENPORT,127,3,81,5.949466655099833,22.98765432,2.589121721339773,15.732420485001462
DAVENPORT,127,4,89,5.948002235608154,22.87640449,2.5120841641195577,15.791700991205913
STANLEY GREENE,128,1,44,4.558649986982346,17.90909091,2.5478884467711844,15.60590234515293
MCCOWAN NORTH,129,1,270,16.854770713879002,48.58506173,16.370142483005,21.191101003841087
MCCOWAN NORTH,129,401,1,16.45910093188286,46.26666667,0.0,21.344655387167972
MCCOWAN NORTH,129,2,253,16.510643462241873,44.74222661,14.466968910752382,22.427073349521734
MCCOWAN NORTH,129,3,225,15.730434215068817,41.89,12.961719707576528,22.76415057553448
MCCOWAN NORTH,129,4,247,15.573410526581622,41.56558704,12.461508751506805,22.669607866004604
AVENUE RD,13,1,102,6.1795598385380766,28.87941176,6.198518770488389,13.22360638428931
AVENUE RD,13,2,96,5.987591673930486,23.73645833,3.2816129098250686,15.261162302827737
AVENUE RD,13,3,85,5.982712946569218,22.12392157,3.0615499161818955,16.33023962815017
AVENUE RD,13,4,96,5.987591673930486,22.01770833,2.7768760472151475,16.380228831209248
MIDDLEFIELD,130,1,97,7.406228822531159,21.58762887,1.4341388257549854,20.649257161099364
MIDDLEFIELD,130,401,2,5.54850010573864,15.0,0.0,22.19400042295456
MIDDLEFIELD,130,2,78,7.298941003206449,21.30769231,0.9514859136040758,20.59496112563811
MIDDLEFIELD,130,3,71,7.302190117013287,21.23943662,0.9709119965979763,20.67172810183445
MIDDLEFIELD,130,4,77,7.302498677334228,21.32467532,0.9458255301835394,20.588726850826887
NUGGET,131,1,164,14.814557903786985,44.71026423,12.589736216160938,20.530840727413146
NUGGET,131,2,138,15.461209447271582,46.08369565,8.781076965307696,20.406995260116794
NUGGET,131,3,126,14.828498478091898,42.51798942,11.647457467022411,21.128470895546926
NUGGET,131,4,130,15.161451561519733,43.61435897,9.746291373094538,21.042014010633956
MILNER,132,1,100,8.883137985467911,23.20066667,4.114888900889874,23.077708433730976
MILNER,132,2,80,8.918706231936813,21.49583333,3.2513389335950666,25.037849367885936
MILNER,132,3,72,8.896345815310875,21.38425926,3.4049255000924314,25.114004575500207
MILNER,132,4,80,8.918706231936813,21.49583333,3.2513389335950666,25.037849367885944
NEILSON,133,1,228,15.582531190624362,44.26754386,15.475033631536933,21.468841101551504
NEILSON,133,2,197,15.962243796453864,42.46192893,13.9289284604331,22.740373019039318
NEILSON,133,3,181,16.333574722649644,42.13259669,12.491946063830348,23.37170341378598
NEILSON,133,4,181,16.333574722649644,42.13259669,12.491946063830346,23.371703413786005
PROGRESS,134,1,162,9.988504290304801,30.3,9.663444546010867,20.25157009807998
PROGRESS,134,2,131,8.82027718265548,25.42824427,3.008106726453435,21.448333884310966
PROGRESS,134,3,104,8.915698165503832,25.0,0.0,21.39767559720921
PROGRESS,134,4,104,8.915698165503832,25.0,0.0,21.397675597209208
GERRARD,135,1,110,4.942638178847053,17.49090909,1.756781429699079,17.108963290230772
GERRARD,135,2,112,4.94260981838618,16.67857143,1.5710226748516252,17.92981336903994
GERRARD,135,3,102,4.939337243636449,15.82352941,1.5618727114531477,18.898187234469187
GERRARD,135,4,114,4.9410499930381775,15.84210526,1.513558299426144,18.870933889854413
GLENCAIRN,14,1,89,6.552102248990134,25.87640449,4.196896190536182,15.572498488713638
GLENCAIRN,14,2,81,6.551816051388964,23.71604938,2.1955879884088674,16.713623359591935
GLENCAIRN,14,3,87,6.557964365372713,24.5862069,1.4898254479098523,16.06009531416561
GLENCAIRN,14,4,95,6.557714734579387,24.47368421,1.6276693396462245,16.14956390804684
ETOBICOKE-BLOOR,149,1,89,6.164046056484908,28.25842697,5.315924961822002,13.626656243537116
ETOBICOKE-BLOOR,149,2,86,6.167090689027032,26.86046512,5.91639973549611,14.517224195708845
ETOBICOKE-BLOOR,149,3,77,6.16448959979144,26.68831169,6.065143632221233,14.670385227164674
ETOBICOKE-BLOOR,149,4,87,6.164111483371121,25.64367816,6.36798207178181,15.364796122813843
EVANS,15,1,109,8.02329274765942,22.77981651,2.4395735759324517,21.368408469077615
EVANS,15,2,87,8.014720770819434,21.31034483,2.118936758032718,22.752815603624338
EVANS,15,3,79,8.022112744518473,20.30379747,1.7671720266117732,23.89507611855477
EVANS,15,4,89,8.022594468647174,20.26966292,1.701050864519152,23.916822259671594
CURRAN HALL,154,1,116,11.718459617860358,34.73074713,4.9273027385224815,20.65734651298377
CURRAN HALL,154,2,110,11.759871043061668,33.9080303,3.9802731568476726,21.074910570002046
CURRAN HALL,154,3,108,11.706614027489666,32.39398148,4.374064543338004,21.93482711264809
CURRAN HALL,154,4,108,11.739889022031868,32.82268519,3.3553811414793606,21.61646422021685
MCCOWAN,16,1,223,8.880685116945362,32.22421525,2.928742087272035,16.688130409176974
MCCOWAN,16,2,214,8.87984617903968,30.32242991,2.3785964765714107,17.68768885367553
MCCOWAN,16,3,183,8.880627237708191,29.18579235,1.6948702097563724,18.322480529275474
MCCOWAN,16,4,201,8.880656134133314,28.90049751,1.8554879609894812,18.516989717930453
BATHURST NORTH,160,1,88,11.719400744546544,38.61363636,10.057145603298709,18.466230549393543
BATHURST NORTH,160,2,44,11.71940417452292,34.5,7.5,20.282124830100795
BATHURST NORTH,160,3,34,11.719399601221085,34.44117647,7.566144314800471,20.328764568935707
BATHURST NORTH,160,4,34,11.719399601221085,34.44117647,7.566144314800471,20.328764568935707
ROGERS RD,161,1,141,8.089600401038819,29.81867612,6.049827406110411,16.93838733274162
ROGERS RD,161,401,1,7.555300056934357,35.56666667,0.0,12.745585850498445
ROGERS RD,161,2,126,8.114365561673093,29.85568783,5.90424665671467,17.015536760309352
ROGERS RD,161,3,119,8.012717373856978,26.25742297,5.036295294792974,18.900755503998333
ROGERS RD,161,4,118,8.093824263409537,26.34590395,4.964633364763122,19.063757941471735
LAWRENCE-DONWAY,162,1,66,9.597527074994463,27.88282828,5.299536198575132,20.707744579473985
LAWRENCE-DONWAY,162,2,66,9.597527074994463,27.88282828,5.299536198575134,20.707744579473985
LAWRENCE-DONWAY,162,3,50,9.482063804864884,27.52533333,6.018731169348643,20.758497269049858
LAWRENCE-DONWAY,162,4,54,9.517344248515588,27.6345679,5.810766624457392,20.742989502790564
CASTLEFIELD,164,1,90,6.354483254419433,26.82851852,2.968066923437331,14.388393342478954
CASTLEFIELD,164,2,82,6.353788945369605,24.72601626,1.9620244535619782,15.530661706047747
CASTLEFIELD,164,3,81,6.352992515137166,24.10493827,1.9746480376848958,15.933163250701053
CASTLEFIELD,164,4,87,6.347578082961598,24.01609195,1.9915265076380244,15.981367421579261
WESTON RD NORTH,165,1,337,17.0162235901025,55.30479723,18.781899320107513,18.989681651010937
WESTON RD NORTH,165,401,2,13.456200387328863,48.86666667,0.0,16.521937719776233
WESTON RD NORTH,165,2,348,17.54351104027324,52.32088123,15.395016633783651,20.570999160255376
WESTON RD NORTH,165,3,284,17.194329413860828,48.8282277,15.342130512116404,21.404746717705308
WESTON RD NORTH,165,4,290,17.280102594325253,49.0783908,15.167299168842051,21.40165274500075
PHARMACY NORTH,167,1,81,8.381297470242888,25.37037037,2.027249212356151,19.96863663067552
PHARMACY NORTH,167,401,1,4.295899957418442,12.05,0.0,21.390373231959046
PHARMACY NORTH,167,2,69,9.001266550758611,24.8115942,2.385192012559574,21.95019080990592
SYMINGTON,168,1,180,6.119054291645686,26.01111111,4.648761948553721,14.625318692302823
SYMINGTON,168,2,153,6.137071083573734,24.93464052,4.360657746474413,15.28434960427853
SYMINGTON,168,3,155,6.105626954955439,21.58709677,4.014147716995547,17.569078979594728
SYMINGTON,168,4,157,6.129044428752486,21.57324841,3.9939505555532953,17.649972965206146
HUNTINGWOOD,169,1,81,12.534612390362186,38.36193416,2.759695757877797,19.724839751346327
HUNTINGWOOD,169,2,67,13.492270002614207,38.6119403,1.4553578200894195,20.994152356129316
HUNTINGWOOD,169,3,59,13.487955793990928,39.30508475,2.060559717346324,20.64237064505649
HUNTINGWOOD,169,4,65,13.492332160931367,39.24615385,2.053370731491697,20.679535374689856
BIRCHMOUNT,17,1,184,14.095427349857662,43.12427536,9.74397324357567,19.918628861186516
BIRCHMOUNT,17,401,1,12.632699817419052,41.15,0.0,18.41948940571429
BIRCHMOUNT,17,501,1,14.016700267791748,33.0,0.0,25.48490957780318
BIRCHMOUNT,17,2,107,13.953527335251604,38.51401869,3.9774234039425647,21.978543591594278
BIRCHMOUNT,17,3,91,13.954574958308713,37.0989011,2.95777962851831,22.719943734116526
BIRCHMOUNT,17,4,97,13.953349716884574,37.11340206,2.867795908782342,22.70000093860948
MOUNT DENNIS,171,1,111,4.3771315762051595,17.1478979,5.524267201511825,15.803866096298204
MOUNT DENNIS,171,2,127,4.364351225650217,15.29527559,4.150908731441018,17.284032343035562
MOUNT DENNIS,171,3,133,4.375726360575597,14.81578947,3.6734929142803123,17.779082782954674
MOUNT DENNIS,171,4,133,4.375726360575597,14.81578947,3.6734929142803106,17.779082782954692
ANCASTER PARK,184,1,90,2.0378500670194626,9.3,1.3453624047073693,13.139116274567963
ANCASTER PARK,184,2,104,2.0378500670194626,9.27884615,1.0959429621706405,13.138483838184728
ANCASTER PARK,184,3,86,2.0378500670194626,9.08139535,1.1228609253388364,13.490570838877522
ANCASTER PARK,184,4,92,2.0378500670194626,9.07608696,1.115441963997794,13.490207553385947
SHEPPARD CENTRAL,185,1,113,5.431834373590165,18.30973451,3.2562523820389733,18.504706818107447
SHEPPARD CENTRAL,185,2,117,5.4305631052225065,17.78632479,3.110030807083682,19.007109323332973
SHEPPARD CENTRAL,185,3,106,5.42774985730648,17.45283019,2.631923306617965,19.21695617922099
SHEPPARD CENTRAL,185,4,121,5.430470105291398,17.1322314,2.6996851630346828,19.632439831255997
STOCKYARDS,189,1,92,5.558222823492859,20.27173913,4.083645166391238,16.829757472829787
STOCKYARDS,189,2,95,5.548901052224009,19.10526316,4.789184490979927,18.184200491211477
STOCKYARDS,189,3,90,5.540150001645088,18.07777778,4.662445180560135,19.210970427791906
STOCKYARDS,189,4,102,5.540150001645088,17.53921569,4.649839905798675,19.83497391921689
BAY,19,1,95,4.378262157816636,31.50526316,5.299202887844301,8.589413822585453
BAY,19,2,92,4.376000054180622,30.39130435,5.930680219325111,8.990994727177794
BAY,19,3,102,4.376000054180622,25.39215686,3.3523677986979625,10.491279104318085
BAY,19,4,102,4.376000054180622,25.39215686,3.3523677986979625,10.491279104318076
UNDERHILL,191,1,109,6.659844038409925,19.40535168,3.880938861428576,21.405703528209997
UNDERHILL,191,2,106,6.6564556604848715,17.90738994,3.1519553015883814,22.868546948112282
UNDERHILL,191,3,98,6.662664286640226,17.37942177,2.4270137406686847,23.369381998987503
UNDERHILL,191,4,110,6.653689999742942,17.26530303,2.4672850697159703,23.4880272821882
CLIFFSIDE,20,1,121,9.52313469362653,33.34710744,3.795845366490619,17.35622328128961
CLIFFSIDE,20,401,1,2.199400082230568,4.6,0.0,28.68782715952915
CLIFFSIDE,20,2,117,9.523325630232819,32.30769231,4.265668029088205,18.000302309940995
CLIFFSIDE,20,3,94,9.520655311802601,31.58510638,3.2564488374970377,18.226428506762918
CLIFFSIDE,20,4,104,9.519476915781315,31.39423077,3.211811941372898,18.32856367478076
TORONTO ZOO,200,4,78,6.73360001295805,15.21794872,0.6726799806330722,26.615740710889902
BLUFFER'S PARK,201,4,112,5.418399900197983,18.80357143,1.1940274413145822,17.37143532272096
CHERRY BEACH,202,4,123,4.767594277374143,18.61788618,2.165961080370304,15.484201929955741
BRIMLEY,21,1,134,13.405935909654668,41.81169154,3.628320535477893,19.30506241157696
BRIMLEY,21,2,110,13.426194641535933,39.45515152,1.8637609221740221,20.41649565893181
BRIMLEY,21,3,93,13.506304398980191,39.63369176,0.03333140627258344,20.44756940506975
BRIMLEY,21,4,93,13.481831280454513,39.63369176,0.03333140627258344,20.41055124259394
COXWELL,22,1,246,2.3479508144584127,10.44823848,1.5630512585044738,13.897985454469808
COXWELL,22,2,262,2.3490645057372466,9.74497455,0.8902075284993834,14.625948530969156
COXWELL,22,3,250,2.340238001346588,9.08506667,1.1166374603145726,15.720774030761287
COXWELL,22,4,268,2.3490865690939464,9.17978856,0.9170255272601956,15.541127182749506
DAWES,23,1,232,3.4804676344040137,14.98261494,2.9383100026467783,14.29680186255595
DAWES,23,2,214,3.496525662663941,14.77803738,2.5800638522076422,14.586271792854104
DAWES,23,3,174,3.507339042622125,14.6302682,2.0732784619262574,14.652451566101519
DAWES,23,4,190,3.5214920672931167,14.58333333,1.8610150974622572,14.731985669970495
VICTORIA PARK,24,1,332,14.029625353818558,45.89457831,6.2433845086927935,18.692278431153735
VICTORIA PARK,24,401,2,7.09145000576973,25.63333333,1.8166666666666667,16.750231490043493
VICTORIA PARK,24,2,287,14.510560725416456,45.11149826,6.6123187896629245,19.747964600509206
VICTORIA PARK,24,3,241,14.513022986561431,41.38174274,4.284914998914734,21.292564989663923
VICTORIA PARK,24,4,264,14.512445203564836,41.16666667,4.076292631320971,21.374315861409816
DON MILLS,25,1,549,9.575246245130382,31.68582271,14.22323186577823,18.088009068431884
DON MILLS,25,401,8,9.041387491859496,31.51666667,10.310818886543935,17.295261546719292
DON MILLS,25,2,266,17.191120955868996,53.39379699,8.966929759799838,19.70853272751762
DON MILLS,25,3,228,17.30033141701368,51.18618421,6.68875965791776,20.534992065511172
DON MILLS,25,4,248,17.16710551975355,50.28125,7.8542375160804365,20.78518025379223
DUPONT,26,1,92,9.08355014026165,37.67391304,7.011029657760961,15.011363942656448
DUPONT,26,2,96,9.08355014026165,35.875,6.196857402479637,15.666006897250185
DUPONT,26,3,82,9.086187953629144,32.69512195,4.528201668541447,16.992552944816516
DUPONT,26,4,88,9.086008102717726,32.35227273,4.614797771416901,17.1892269497412
BAYVIEW SOUTH,28,1,86,4.0460000187158585,14.19767442,1.8415095390382434,17.67075976044178
BAYVIEW SOUTH,28,2,80,4.0460000187158585,14.6,1.4106735979665888,16.97480418302393
BAYVIEW SOUTH,28,3,86,4.0460000187158585,14.20930233,1.3391795394314385,17.464452509376788
BAYVIEW SOUTH,28,4,94,4.0460000187158585,14.21276596,1.3828150475976095,17.480818658579395
DUFFERIN,29,1,291,12.505571779004487,54.9139748,8.854361784599503,13.973716083809725
DUFFERIN,29,2,384,12.276190827212607,55.37491319,8.62928872127114,13.61324952928261
DUFFERIN,29,3,319,12.341176120184805,51.15846395,6.589058971369496,14.710176788729195
DUFFERIN,29,4,350,12.310497375237091,50.3462381,7.401731627542833,14.936902528709219
HIGH PARK NORTH,30,1,92,2.234000042080879,8.05434783,1.0359214595331836,17.09273512472492
HIGH PARK NORTH,30,2,94,2.234000042080879,8.26595745,1.3696989257225094,16.78478919102076
HIGH PARK NORTH,30,3,90,2.234000042080879,7.87777778,1.172156396256042,17.539557229337245
HIGH PARK NORTH,30,4,102,2.234000042080879,7.83333333,1.1209531425141812,17.602468603298448
BLOOR-DANFORTH,300,1,98,21.554515434467064,54.54081633,32.47704632673854,17.641697857796355
BLOOR-DANFORTH,300,2,56,20.421594762376376,52.25,34.68235965773626,16.63087804066543
BLOOR-DANFORTH,300,3,172,23.66414259287507,62.90697674,32.378979653751664,18.124376514755696
BLOOR-DANFORTH,300,4,85,21.850340162305272,54.92941176,33.1324572463829,17.639442578706014
QUEEN,301,1,52,17.557715193153573,58.21185897,30.281402139949005,18.26322684003133
QUEEN,301,2,49,16.72736713198983,55.53537415,30.629760888242263,18.24238211513081
QUEEN,301,3,48,16.988435201191653,56.78055556,30.269143073046234,18.0805653802035
QUEEN,301,4,48,16.988435201191653,56.78055556,30.26914307304624,18.080565380203506
KINGSTON RD-MCCOWAN,302,1,12,19.035250052809715,41.0,0.0,27.85646349191666
KINGSTON RD-MCCOWAN,302,2,12,19.035250052809715,41.0,0.0,27.85646349191666
KINGSTON RD-MCCOWAN,302,3,21,19.037881008925893,41.0,0.0,27.860313671598863
KINGSTON RD-MCCOWAN,302,4,12,19.035250052809715,41.0,0.0,27.85646349191666
KING,304,1,41,9.069843819773778,39.20934959,13.233000573717868,13.303352121105238
KING,304,2,44,9.369063557040961,40.57878788,11.380467031009468,13.298715636205413
KING,304,3,74,9.363548532128334,42.16846847,12.32906596723293,13.126415226489797
KING,304,4,43,9.345737133954847,40.49922481,11.499933688994515,13.279063153651704
DUNDAS,305,1,27,9.401196400600451,41.72222222,12.584823311345207,13.614114820494708
DUNDAS,305,2,31,9.124171038548793,40.34086022,14.695611003717229,13.692712701477504
DUNDAS,305,3,71,8.564535248447472,38.00234742,17.25112168809478,14.09572028985582
DUNDAS,305,4,32,8.676981311524287,38.07604167,16.339837638539112,13.803703699814669
CARLTON,306,1,38,12.608476340770721,47.28333333,21.10746486671043,17.417940020713893
CARLTON,306,2,37,12.519927073572132,46.96666667,21.301543036497044,17.452099666886596
CARLTON,306,3,75,12.818776156703631,48.222,20.99770766324532,17.449325730661254
CARLTON,306,4,36,12.792302823315064,48.08055556,20.504935230991602,17.278045241629155
BATHURST,307,1,24,16.74856222824504,42.37013889,12.006639732493644,23.69304874183977
BATHURST,307,2,28,17.90987467047359,43.06190476,10.219138457635582,25.098993653504632
BATHURST,307,3,44,18.476129299876366,46.88030303,8.451294109803236,23.752124657561023
BATHURST,307,4,24,17.020787217654288,40.86388889,11.216910871811937,25.235602730629214
GREENWOOD,31,1,172,4.893200092017651,20.23837209,2.286495673776345,14.717965271452126
GREENWOOD,31,2,172,4.891791951431092,21.01162791,1.9107662291544236,14.098291256551713
GREENWOOD,31,3,161,4.892447917542842,20.75776398,1.8374178395136698,14.26261552270175
GREENWOOD,31,4,179,4.893876628835774,20.78212291,1.7441086681588565,14.238119497868311
SPADINA,310,1,31,4.390412859378323,22.50752688,5.104339356235466,11.592224658625346
SPADINA,310,2,28,4.438678528581347,22.74761905,4.842437473036911,11.601135731240387
SPADINA,310,3,53,4.440815044180402,23.77232704,5.550449906591258,11.213363478312244
SPADINA,310,4,29,4.352930991814055,22.33563218,5.233845285995579,11.575042921030922
ST CLAIR,312,1,20,6.052029842138291,22.86666667,3.9124480827226322,15.761997420675268
ST CLAIR,312,2,20,6.052029842138291,22.86666667,3.9124480827226327,15.761997420675272
ST CLAIR,312,3,21,5.980537939639318,22.73650794,4.460329605135135,15.575097161643244
ST CLAIR,312,4,21,5.980537939639318,22.73650794,4.460329605135135,15.575097161643244
EVANS-BROWN'S LINE,315,1,15,11.92497372229894,29.0,0.0,24.672359425446086
EVANS-BROWN'S LINE,315,2,15,11.92497372229894,29.0,0.0,24.672359425446086
EVANS-BROWN'S LINE,315,3,25,11.937084389328957,29.0,0.0,24.69741597792198
EVANS-BROWN'S LINE,315,4,15,11.92497372229894,29.0,0.0,24.672359425446086
EGLINTON WEST,32,1,561,11.563560688224042,44.22468806,16.63697170512322,16.29024557338985
EGLINTON WEST,32,401,9,7.476522339714898,36.03333333,22.477037665631613,11.693369655868398
EGLINTON WEST,32,2,483,11.650648945194378,40.71276743,14.119873203378015,17.488276664068167
EGLINTON WEST,32,3,433,12.082962907786216,38.4095458,11.868399451556963,18.987523789015544
EGLINTON WEST,32,4,445,11.846481210545877,37.74400749,12.280795541048734,18.971722749473688
YONGE,320,1,73,15.531998001957593,44.06347032,9.71350236998669,20.600825893732644
YONGE,320,2,83,15.353362050176743,46.04698795,10.64775216348795,19.51546134178954
YONGE,320,3,172,14.842967532813375,46.35736434,9.07888096008592,18.83686610225352
YONGE,320,4,83,15.353362050176743,45.92590361,9.48025894117775,19.46102795004122
COXWELL,322,1,14,9.384614233459745,21.27261905,3.374375939616007,26.44076147548332
COXWELL,322,2,14,9.733557126351766,21.99404762,2.4641203648230334,26.56669615973235
COXWELL,322,3,22,9.890572715889324,22.35984848,2.024375817824011,26.549099134925374
COXWELL,322,4,14,9.733557126351766,21.99404762,2.4641203648230334,26.566696159732352
VICTORIA PARK,324,1,13,17.172407782994785,36.38461538,1.3323467750529827,28.35502924491943
VICTORIA PARK,324,2,13,17.172407782994785,36.30769231,1.065877420042386,28.40284631573237
VICTORIA PARK,324,3,22,17.15945002436638,36.22727273,1.0414944761263274,28.44210814147725
VICTORIA PARK,324,4,13,17.172407782994785,36.38461538,1.3323467750529827,28.35502924491943
DON MILLS,325,1,17,18.966923656079043,45.43627451,11.488743048727176,25.197880494392084
DON MILLS,325,2,18,19.114350171785595,45.68611111,11.6795897341484,25.430166423864595
DON MILLS,325,3,16,20.341756403708132,48.74375,9.772919775456053,25.366367895383227
DON MILLS,325,4,18,19.114350171785595,45.96388889,11.648113885894379,25.22005474847522
DUFFERIN,329,1,26,15.637184480061897,44.75192308,17.231719117304362,20.777705813470718
DUFFERIN,329,2,25,15.64050788283348,45.01866667,18.051113428262532,20.92205483429031
DUFFERIN,329,3,51,15.412662742038568,47.15163399,13.324215941118455,19.587938698220277
DUFFERIN,329,4,25,15.64050788283348,44.53866667,17.9932084224391,21.164182508892658
FOREST HILL,33,1,97,3.3337196645893385,13.4871134,2.3023887007644945,15.124366344702365
FOREST HILL,33,2,79,3.352165903518849,12.16793249,1.2502567166819343,16.604473069277713
FOREST HILL,33,3,71,3.3484324746253624,11.72206573,1.3846825103690041,17.192088457608705
FOREST HILL,33,4,79,3.352165903518849,11.59831224,1.3727419636813325,17.400273792638234
EGLINTON WEST,332,1,23,10.939982385739036,22.81811594,17.509347340104156,19.462465479927634
EGLINTON WEST,332,2,23,10.920265003390934,22.69202899,17.529655252586178,19.524956991092317
EGLINTON WEST,332,3,22,11.136858862909405,22.88333333,17.90013261053525,19.5042363158229
EGLINTON WEST,332,4,23,10.920265003390934,22.69202899,17.529655252586174,19.524956991092314
EGLINTON EAST,334,1,34,15.971084971638287,31.93382353,23.651429258479457,30.062439365764615
EGLINTON EAST,334,2,34,15.971084971638287,31.93382353,23.651429258479457,30.062439365764615
EGLINTON EAST,334,3,42,18.627792480446043,37.08928571,23.88642654938825,30.168064883187135
EGLINTON EAST,334,4,33,16.105681480783403,32.02272727,24.001512234267246,30.250575971215195
JANE,335,1,20,17.31510497033596,43.65,1.4924811556599304,23.811280886899866
JANE,335,2,20,17.31510497033596,43.65,1.4924811556599304,23.811280886899866
JANE,335,3,20,17.31510497033596,43.65,1.4924811556599304,23.811280886899866
JANE,335,4,20,17.31510497033596,43.65,1.4924811556599304,23.811280886899866
FINCH WEST,336,1,46,12.861613260339135,34.71702899,23.157073785214003,20.956718818243957
FINCH WEST,336,2,29,13.985138340242978,36.96551724,24.99169897857906,21.382012061792118
FINCH WEST,336,3,29,13.985138340242978,36.96551724,24.99169897857906,21.382012061792118
FINCH WEST,336,4,29,13.985138344353643,36.96551724,24.991698978579063,21.3820120661964
ISLINGTON,337,1,19,19.029179149552395,41.88508772,4.550396469895893,27.297945136371464
ISLINGTON,337,2,15,19.184380257129668,42.2,4.66476151587624,27.323102298532255
ISLINGTON,337,3,25,19.1343001639843,42.04,7.4214823317178364,27.39389409392883
ISLINGTON,337,4,15,19.184380257129668,42.2,4.664761515876239,27.32310229853226
FINCH EAST,339,1,25,11.892592094242573,28.08,15.308582923024296,22.35684314001121
FINCH EAST,339,2,25,11.892592094242573,28.08,15.308582923024296,22.35684314001121
FINCH EAST,339,3,25,11.892592094242573,28.08,15.308582923024296,22.35684314001121
FINCH EAST,339,4,25,11.892592094242573,28.08,15.308582923024296,22.35684314001121
EGLINTON EAST,34,1,397,10.954769825492457,43.21410579,8.946074242455639,15.751602501884978
EGLINTON EAST,34,2,460,10.287030904318975,37.88478261,8.74330718921136,16.739360901825506
EGLINTON EAST,34,3,356,10.950138258004792,38.90168539,7.78603600749517,17.376279697321127
EGLINTON EAST,34,4,387,10.948174733254644,37.9250646,8.191321252330171,17.980454031458937
JUNCTION,340,1,15,5.436933492620786,13.53333333,0.49888765156985865,24.143666640087805
JUNCTION,340,2,15,5.436933492620786,13.53333333,0.49888765156985865,24.143666640087805
JUNCTION,340,3,30,5.4394001588225365,14.2,1.0770329614269007,23.108606718992295
JUNCTION,340,4,15,5.436933492620786,13.53333333,0.49888765156985865,24.143666640087805
KEELE,341,1,12,16.284225693903863,43.16666667,0.9860132971832694,22.618519367581612
KEELE,341,2,12,16.284225693903863,43.33333333,1.247219128924647,22.534211557762987
KEELE,341,3,23,16.18535726007236,46.52173913,3.5370039546804772,20.980642365402794
KEELE,341,4,12,16.284225693903863,43.33333333,1.2472191289246468,22.534211557762987
KENNEDY,343,1,15,11.058813274403413,25.39555556,6.003281407223968,26.30283554497893
KENNEDY,343,2,15,11.058813274403413,25.39555556,6.003281407223968,26.302835544978922
KENNEDY,343,3,46,10.179541242349407,24.68550725,9.2876902901785,25.377533371713515
KENNEDY,343,4,15,11.058813274403413,25.39555556,6.003281407223968,26.302835544978922
JANE,35,1,357,15.790175301771537,55.74537815,9.997210377559936,17.488027292574213
JANE,35,2,295,15.88423006463859,52.41694915,7.542807833583171,18.572576880256456
JANE,35,3,268,15.878914013727387,49.0858209,6.784812418188961,19.789165866175683
JANE,35,4,279,15.883559373651353,48.93548387,6.684073701966794,19.843849525186076
LAWRENCE WEST,352,1,21,14.273399839798609,40.42857143,26.032162211152478,14.639267421049778
LAWRENCE WEST,352,2,21,14.273399839798609,39.80952381,25.406446590278442,14.832086094800903
LAWRENCE WEST,352,3,21,14.273399839798609,39.95238095,25.538908114177456,14.78396592526865
LAWRENCE WEST,352,4,21,14.273399839798609,39.95238095,25.538908114177456,14.78396592526865
STEELES,353,1,28,16.500692537852697,33.34761905,27.68208933097159,25.952593420194756
STEELES,353,2,30,16.360046311219534,32.65055556,27.952506176427367,28.331167391588746
STEELES,353,3,36,17.904135768612225,35.96435185,27.364734997684234,26.501684677186034
STEELES,353,4,30,17.391032989819845,34.835,27.61950241928498,27.221368364373056
LAWRENCE EAST,354,1,19,17.477257849354494,31.41842105,20.02104951851213,30.899013720274812
LAWRENCE EAST,354,2,20,17.907714979350565,32.025,19.69241287907604,31.15105962089317
LAWRENCE EAST,354,3,30,17.897766651709876,32.09833333,19.74332158534177,31.083645759534065
LAWRENCE EAST,354,4,21,18.29717619220416,32.57380952,19.37391852003259,31.379101150024066
FINCH WEST,36,1,769,10.351413045151181,39.59380147,16.11846705991875,16.01514471403736
FINCH WEST,36,501,30,9.729760066171487,40.78777778,15.354947889568303,14.691842263129494
FINCH WEST,36,401,1,11.527999620884657,43.81666667,0.0,15.785773539438862
FINCH WEST,36,2,563,12.377341039637583,43.33179396,17.989873958069147,17.54704417456492
FINCH WEST,36,3,523,12.51966215865277,41.00334608,16.695196930620686,18.69277675972307
FINCH WEST,36,4,523,12.57724493364474,41.05500319,16.740704701337304,18.73503074116015
OSSINGTON,363,1,17,8.726805821937674,25.17647059,3.633751814466,21.134989920306264
OSSINGTON,363,2,17,8.726805821937674,25.23529412,3.489975758633253,21.078908151867747
OSSINGTON,363,3,17,8.781382292509079,24.76470588,3.134802963405701,21.482671054109936
OSSINGTON,363,4,17,8.781382292509079,24.76470588,3.134802963405701,21.482671054109936
PARLIAMENT,365,1,14,3.2772999554872513,13.41666667,0.15000000000000016,14.680817401344529
PARLIAMENT,365,2,14,3.2772999554872513,13.41666667,0.15000000000000016,14.680817401344529
PARLIAMENT,365,3,22,3.2772999554872513,13.41666667,0.15000000000000022,14.680817401344529
PARLIAMENT,365,4,14,3.2772999554872513,13.41666667,0.15000000000000016,14.680817401344529
ISLINGTON,37,1,242,15.518744213521973,44.74793388,5.728579925476369,21.09171255593127
ISLINGTON,37,401,2,6.795550227165222,17.14166667,7.741666666666666,26.214817162803335
ISLINGTON,37,2,246,15.515107719151954,41.77642276,4.6602903238501385,22.50000451307629
ISLINGTON,37,3,205,15.569525359461947,40.12682927,4.441875257154233,23.456960038607384
ISLINGTON,37,4,217,15.516173727501373,39.62211982,4.7948771745775485,23.722967304301463
HIGHLAND CREEK,38,1,232,16.495164868357623,44.33570402,6.528628773443914,22.302639249068452
HIGHLAND CREEK,38,2,174,18.233757354062178,44.8552682,3.7494741255247757,24.462458520509355
HIGHLAND CREEK,38,3,134,18.233481222291047,43.43942786,3.479190412255357,25.223612807348704
HIGHLAND CREEK,38,4,145,18.28474194993233,43.51034483,2.9269667514087927,25.22657447264114
SHEPPARD WEST,384,1,19,9.9545577325319,23.73157895,11.550446049381545,26.502733988506495
SHEPPARD WEST,384,2,15,10.862719849745433,25.80444444,9.585081901670346,26.086458946123734
SHEPPARD WEST,384,3,23,11.34965202341909,27.04637681,7.9255990134971706,25.724797401918114
SHEPPARD WEST,384,4,15,10.862719849745433,25.80444444,9.585081901670344,26.086458946123738
SHEPPARD EAST,385,1,15,23.86274046401183,48.87222222,5.9805600712167495,29.230837158825388
SHEPPARD EAST,385,2,16,23.798744146712124,49.528125,7.075745246257143,28.763616648189032
SHEPPARD EAST,385,3,29,24.97159705079835,53.35,3.6488438309527544,28.1386404469594
SHEPPARD EAST,385,4,16,23.798744146712124,49.15520833,6.933099752550763,28.981570118723102
FINCH EAST,39,1,357,14.730702225108441,45.67759104,16.048750927567006,19.785759569028084
FINCH EAST,39,2,307,16.354957575190824,48.42730727,12.593242995816906,20.623878657950662
FINCH EAST,39,3,310,16.417521860570677,46.29215054,10.58639288764609,21.47420317797433
FINCH EAST,39,4,310,16.475553149333404,46.48365591,10.247636403935683,21.390588934387935
YORK MILLS,395,1,13,22.35083789894214,44.48076923,0.1827901222627866,30.14942137385022
YORK MILLS,395,2,13,22.35083789894214,44.48076923,0.1827901222627866,30.14942137385022
YORK MILLS,395,3,21,22.350423241655033,44.47539683,0.18312535444240435,30.152505458624752
YORK MILLS,395,4,13,22.35083789894214,44.48076923,0.1827901222627866,30.14942137385022
WILSON,396,1,19,19.354226052761078,42.69473684,7.909586035092951,27.132337384618733
WILSON,396,2,19,19.354226052761078,42.69473684,7.909586035092951,27.132337384618733
WILSON,396,3,19,19.354226052761078,42.69473684,7.909586035092951,27.132337384618733
WILSON,396,4,19,19.354226052761078,42.69473684,7.909586035092951,27.132337384618733
JUNCTION-DUNDAS WEST,40,1,201,6.583877103838755,25.46558872,10.42055550355975,15.692599157944152
JUNCTION-DUNDAS WEST,40,2,187,6.549180203660287,24.48270945,9.869346628766271,16.22659327467649
JUNCTION-DUNDAS WEST,40,3,182,6.59128075584278,23.21529304,9.162116899837537,17.002779970170824
JUNCTION-DUNDAS WEST,40,4,208,6.5426187402783675,22.12676282,9.315808558215357,18.038012382275852
LAWRENCE MANOR,400,4401,14,11.043214306767497,61.22857143,26.878977319993172,10.931114126004669
PARKDALE,402,4501,16,8.687537282705307,57.39583333,6.8899773725640365,9.067763360732414
SOUTH DON MILLS,403,1,12,10.007400120298067,35.93888889,3.523363379808111,16.75522175490409
EAST YORK,404,1,16,13.466299891471863,61.25,2.165063509461097,13.233615278051452
ETOBICOKE,405,1,14,11.730564308485814,64.19166667,20.800574005739698,10.599533476698076
SCARBOROUGH-GUILDWOOD,406,7001,16,15.303050220012665,60.0,0.0,15.303050220012667
KEELE,41,1,234,16.632976630583215,64.97834758,8.831113725582691,15.663705434819333
KEELE,41,2,229,16.321225871946094,59.05786026,10.579321413217892,16.878222861394665
KEELE,41,3,179,16.612560894236218,55.20111732,5.89231095246492,18.24535547301155
KEELE,41,4,190,16.606105820285645,54.95263158,5.83121079970376,18.316773773179076
CUMMER,42,1,187,15.715858891526645,46.55044563,7.842958290779466,20.513420513800863
CUMMER,42,401,4,11.019524976611137,34.12916667,13.732738533842728,19.584677995790674
CUMMER,42,2,125,15.802373660326005,42.84613333,6.6724915006814856,22.503765407000213
CUMMER,42,3,102,15.67109025897933,42.59558824,7.494363141878385,22.63409360657398
CUMMER,42,4,102,15.609511821585542,42.41732026,8.04977770757934,22.69358359120365
KENNEDY,43,1,403,9.769071092824486,30.97717122,8.059143963676343,19.064033719188828
KENNEDY,43,401,1,10.176699787378311,34.68333333,0.0,17.60505489407108
KENNEDY,43,2,363,10.06431389532306,31.16620753,8.528537401126673,19.653207259687555
KENNEDY,43,3,317,10.377871734110714,30.60799159,6.83000066950144,20.473245280483308
KENNEDY,43,4,347,10.35573701343636,30.1221902,7.337086023901628,20.89666249262602
KIPLING SOUTH,44,1,298,5.669020553019473,18.69099553,2.769310550553827,18.643336935313755
KIPLING SOUTH,44,6701,26,5.67615008354187,19.65384615,1.5918616989672973,17.473880198915438
KIPLING SOUTH,44,401,3,5.194333434104919,17.22222222,0.5499719409228708,18.06690243997983
KIPLING SOUTH,44,2,242,5.67615008354187,15.68181818,1.836836122834251,22.048330152215428
KIPLING SOUTH,44,3,233,5.675567894534492,15.17596567,1.458709829925009,22.696599684660004
KIPLING SOUTH,44,4,268,5.664565008800866,15.11598259,1.4913537945969244,22.7227925659509
KIPLING,45,1,273,13.537627491868022,35.96379731,4.7516876710131175,22.840292471956715
KIPLING,45,6701,24,14.220900066196918,40.86875,2.511843762189072,20.925453860917063
KIPLING,45,401,1,13.767799735069275,42.2,0.0,19.57507071336864
KIPLING,45,2,258,14.217387660529262,36.27067183,3.8250468098185664,23.77275345092782
KIPLING,45,3,209,14.227403898701143,35.91212121,2.8899603146196244,23.914653538974022
KIPLING,45,4,219,14.231244822615357,35.87519026,2.8432217814041745,23.93998348306481
MARTIN GROVE,46,401,4,11.171775063499808,31.29166667,11.877841765236646,22.042486709502114
MARTIN GROVE,46,1,143,15.610601629827405,45.44755245,1.6585372343540463,20.63943197101161
MARTIN GROVE,46,501,4,12.216900192201138,33.15,9.933410234601656,22.304530525476263
MARTIN GROVE,46,2,102,15.609611013940736,38.88235294,2.6057783363474396,24.19647004830107
MARTIN GROVE,46,3,94,15.618750244379044,37.15957447,1.6522273263905063,25.269753483828868
MARTIN GROVE,46,4,106,15.60995589056105,37.06603774,1.5857196921184504,25.314358329254617
LANSDOWNE,47,1,694,3.985566089171326,14.47118156,11.956990866953003,17.19124241045187
LANSDOWNE,47,2,546,3.836645528715063,12.93772894,10.894421967553455,18.48827851961089
LANSDOWNE,47,3,452,3.885000822604098,12.15929204,9.467986461776285,19.13012392157097
LANSDOWNE,47,4,492,3.8617332589365847,11.98577236,9.545451861108083,19.465050745520294
RATHBURN,48,1,92,8.478466160595417,21.76086957,2.304860484400734,23.639973959853176
RATHBURN,48,401,3,8.219133655230204,21.66666667,0.4714045207910317,22.77869352530607
RATHBURN,48,2,91,8.431893265181845,19.92234432,1.3982813010795938,25.458458298915364
RATHBURN,48,3,79,8.47933656543116,19.88607595,0.9676716381577937,25.65170852436749
RATHBURN,48,4,88,8.478371447121555,19.77272727,1.0082305914917633,25.803000949307897
BLOOR WEST,49,401,2,4.264500081539154,14.5,1.5,17.62727916240692
BLOOR WEST,49,1,110,4.240929172255776,12.66515152,2.8268638666333934,20.75015080623582
BLOOR WEST,49,2,85,4.228291845321655,10.67254902,1.8340367739279257,24.040730830842755
BLOOR WEST,49,3,77,4.224529950649707,10.66450216,1.9485617418567793,24.08478994918118
BLOOR WEST,49,4,85,4.228291845321655,10.69607843,1.882352941176469,24.002673287593066
BURNHAMTHORPE,50,1,139,5.953954696012058,16.8705036,2.395543020923433,21.674762169832253
BURNHAMTHORPE,50,401,1,6.9280998185276985,19.78333333,0.0,21.011928682982067
BURNHAMTHORPE,50,2,161,5.953619274571075,15.16149068,1.0329997391545278,23.706082816541574
BURNHAMTHORPE,50,3,162,5.95150002092123,14.63580247,1.0701111794062326,24.577640328693512
BURNHAMTHORPE,50,4,176,5.95150002092123,14.625,1.0369590594180116,24.587767807596766
QUEEN,501,1,300,17.41576627875368,92.03405556,25.782368696252597,11.976516618109205
QUEEN,501,2,297,17.56271409005027,90.96818182,24.62248546823836,12.176145693718505
QUEEN,501,3,279,17.778674493714046,86.62491039,21.362565138788376,12.758753987364672
QUEEN,501,4,279,17.778674493714046,86.62491039,21.362565138788376,12.758753987364667
KINGSTON RD,503,1,272,13.5924002379179,67.58088235,7.107944133832815,12.207740785004233
KINGSTON RD,503,2,254,13.5924002379179,56.81889764,5.824760240187041,14.506401797328838
KINGSTON RD,503,3,236,13.5924002379179,60.24576271,7.3021200087139375,13.766342442058608
KINGSTON RD,503,4,236,13.5924002379179,60.24576271,7.302120008713928,13.766342442058608
KING,504,1,866,6.727098738761752,37.91437644,15.570452954607292,10.863700717789428
KING,504,2,830,6.667492901282497,37.17439759,15.826516820743064,11.072227314574032
KING,504,3,758,6.55666044976631,35.38223395,14.852022738094394,11.354626190827464
KING,504,4,790,6.657830649868974,35.83257384,14.771882696884337,11.358975908986926
DUNDAS,505,1,262,9.833471391833465,57.88530534,16.246920218756433,11.223402393989735
DUNDAS,505,2,347,9.76247206583662,56.48698367,15.451072295799772,10.933976758843912
DUNDAS,505,3,240,10.089871685393154,56.54347222,11.664188684426158,10.894136292645136
DUNDAS,505,4,279,9.848195000307962,53.95310633,14.29657070067944,11.378540707695734
CARLTON,506,1,275,14.93266718658534,84.31436364,20.339509711448603,10.958697897162075
CARLTON,506,2,298,14.640747547749704,82.923434,23.59657314596694,11.23259122642004
CARLTON,506,3,224,15.373966475283462,80.30811012,13.969098725265251,11.69675776046117
CARLTON,506,4,263,14.986371782569378,77.00329531,18.124427054698327,12.110645700592835
LONG BRANCH,507,1,214,7.464226233903493,31.72429907,3.535357881433251,14.360958349684875
LONG BRANCH,507,2,208,7.4644664117636585,28.50480769,3.1849972771299893,15.930232947946568
LONG BRANCH,507,3,202,7.4646287784718055,27.38118812,3.3755443380990724,16.616554092750267
LONG BRANCH,507,4,202,7.4646287784718055,27.38118812,3.3755443380990737,16.616554092750263
LAKE SHORE,508,1,25,13.140060003846884,65.31666667,23.082480128636284,12.172528365227924
HARBOURFRONT,509,1,256,3.622513118083589,21.6625,3.5031923685166557,10.057875007296753
HARBOURFRONT,509,2,258,3.6233707669862483,21.45956072,3.486734597483633,10.134420724755774
HARBOURFRONT,509,3,246,3.6180156909111068,20.74254743,3.819574816155078,10.538117531442062
HARBOURFRONT,509,4,246,3.6180156909111068,20.74254743,3.819574816155077,10.53811753144207
LESLIE,51,1,91,17.041489495353385,48.10989011,6.760340958711631,21.673170737170746
LESLIE,51,401,1,3.602899968624115,11.2,0.0,19.3012498319149
LESLIE,51,2,86,17.03649938383768,42.10465116,4.658148823267452,24.558460955002893
LESLIE,51,3,83,17.04312227756144,40.26506024,2.737883877906646,25.501633889670714
LESLIE,51,4,91,17.041489495353385,40.28571429,2.619813407858222,25.47652319061866
SPADINA,510,1,439,4.160610925923855,28.38974943,5.440781955705522,8.82886839091493
SPADINA,510,2,488,4.283268013923261,28.93941257,5.698753232699309,8.948348604367913
SPADINA,510,3,391,4.273033998573147,28.91202046,5.53924774389166,8.910075751915798
SPADINA,510,4,415,4.288878294026636,28.71277108,5.592261358360148,9.018423977759719
BATHURST,511,1,272,4.577086776221061,30.26519608,6.271794506686445,9.284324814076731
BATHURST,511,2,280,4.563931796859418,29.02839286,6.007326578063202,9.656380829311296
BATHURST,511,3,227,4.589605738150391,25.87378855,4.434463982916829,10.7751550646919
BATHURST,511,4,252,4.604412709259325,25.69047619,4.2335257156279145,10.875724145187089
ST CLAIR,512,1,383,6.631979032738168,32.79534378,4.418346898406395,12.147480083513821
ST CLAIR,512,2,359,6.6266614594457875,31.96355617,4.915623443123787,12.52972052133481
ST CLAIR,512,3,357,6.623598199003801,30.65266106,5.15220045659543,13.144460395487338
ST CLAIR,512,4,357,6.641423429834659,30.61904762,5.185599007223214,13.206419319798506
LAWRENCE WEST,52,1,558,13.965826369007535,49.65537634,24.443120198077505,14.692183286172328
LAWRENCE WEST,52,2,469,14.119591523454323,45.91321962,20.298254385376133,16.21093526623811
LAWRENCE WEST,52,3,371,14.3939189887091,44.85053908,21.455546716049703,16.44643417661515
LAWRENCE WEST,52,4,371,14.393404701217568,44.84973046,21.455912295544234,16.44601551312883
STEELES EAST,53,1,379,17.771121578905387,55.66059807,7.458710529417129,19.363706643395165
STEELES EAST,53,401,5,8.071980233490468,29.11666667,20.126640719868444,17.69713008161512
STEELES EAST,53,2,279,18.513555939693177,52.25149343,6.67582426294028,21.370650789176437
STEELES EAST,53,3,249,18.51343739236215,49.99672021,6.376714437063824,22.350252765151485
STEELES EAST,53,4,261,18.499307716144,49.95472542,6.250648073607972,22.34446812930484
LAWRENCE EAST,54,1,391,22.802356012184603,73.24441603,17.077513493310995,18.914712134486827
LAWRENCE EAST,54,6701,32,20.800227767787874,55.3703125,5.788627401553014,22.774811022835983
LAWRENCE EAST,54,2,281,23.483082558230574,69.23801898,11.342867596181463,20.701016077671646
LAWRENCE EAST,54,3,267,21.881470405095527,59.71042447,18.310181174725887,22.42886040674112
LAWRENCE EAST,54,4,276,21.903626814916514,59.59577295,18.197267645579984,22.494020338629987
WARREN PARK,55,1,96,3.6995543316782764,14.34427083,2.7921473758231263,15.443615295477295
WARREN PARK,55,2,96,3.670798080119615,14.54045139,2.9541458477479727,15.1690830155877
WARREN PARK,55,3,86,3.664542023612316,13.98624031,2.5644574100351414,15.500563325877334
WARREN PARK,55,4,96,3.670798080119615,13.88350694,2.529590499440408,15.639231996992699
LEASIDE,56,1,132,7.452013631379514,27.575,4.530836405715124,16.461716528519066
LEASIDE,56,401,5,7.666299957036972,30.2,1.833030277982336,15.289749359587827
LEASIDE,56,2,103,7.56824756688574,25.51229773,4.4911941656148295,18.256494566048254
LEASIDE,56,3,90,7.604212219557828,23.44351852,3.0263714312325436,19.721961618726933
LEASIDE,56,4,90,7.604212219557828,23.44351852,3.0263714312325454,19.72196161872693
MIDLAND,57,1,192,11.850405464259287,36.81145833,3.242536223436977,19.494250686826735
MIDLAND,57,2,134,11.836166149199899,34.67537313,2.9850572553391697,20.70157487822406
MIDLAND,57,3,96,11.863173698385557,32.76423611,3.0442435613659797,22.02059410038863
MIDLAND,57,4,108,11.851602512929174,32.81141975,3.079682229468964,21.975967697070647
MAPLE LEAF,59,1,118,9.985806877140776,31.6190678,5.572617372943716,19.25504083170327
MAPLE LEAF,59,2,104,9.930823176705207,29.00192308,6.223250581288018,21.16389104749699
MAPLE LEAF,59,3,88,9.907893282869322,26.84507576,4.759778053173583,22.437991706394996
MAPLE LEAF,59,4,96,9.991503227696134,27.03645833,4.301949192487678,22.437092163952045
STEELES WEST,60,1,293,10.354502540272454,34.55255973,5.706658061865643,18.11990800214281
STEELES WEST,60,2,295,11.694658549660343,34.80677966,8.092680610275272,19.93040105645577
STEELES WEST,60,3,225,11.275722553597555,32.51111111,7.103746186100909,20.59581341959567
STEELES WEST,60,4,257,11.674838050678083,33.39688716,7.855583037735227,20.71242843959298
AVENUE RD NORTH,61,1,128,5.230899795889854,19.9921875,4.349023047173207,16.41564243171114
AVENUE RD NORTH,61,401,1,3.955000013113022,14.0,0.0,16.950000056198665
AVENUE RD NORTH,61,2,126,5.230899795889854,17.95238095,2.9677021811205493,17.952066732166926
AVENUE RD NORTH,61,3,112,5.230899795889854,16.97321429,2.1895034557298745,18.803768140709384
AVENUE RD NORTH,61,4,126,5.230899795889854,16.75396825,2.1554158731654955,19.039304923248288
MORTIMER,62,1,126,7.203238239364018,25.65079365,3.601845779723511,17.197183113128286
MORTIMER,62,2,121,7.203560473505131,24.2892562,3.013572648521373,18.07773535331148
MORTIMER,62,3,112,7.203211751367364,23.36607143,2.7870732719950833,18.775702836321297
MORTIMER,62,4,122,7.203231291692765,23.45901639,2.722545641531663,18.687978717545246
OSSINGTON,63,1,673,3.9018122066714613,19.99883606,6.33645682074322,12.355454892222982
OSSINGTON,63,2,685,4.137123368343298,21.40525547,4.858085453941553,12.06582068256007
OSSINGTON,63,3,574,4.318145996186791,20.12648084,5.384549695226559,13.161070945656874
OSSINGTON,63,4,601,4.133321474475194,19.26888519,4.994527479874179,13.354229146519073
MAIN,64,1,204,2.2103353147851488,9.30392157,0.9423501668624964,14.374142016380993
MAIN,64,2,182,2.2100736470176625,8.65934066,0.4739309594032488,15.350447942062717
MAIN,64,3,170,2.2058553138199977,8.52352941,0.4994460599324084,15.564332486294642
MAIN,64,4,182,2.2100736470176625,8.48901099,0.4998792270513779,15.660557833674188
PARLIAMENT,65,1,229,3.4360484173724744,20.69868996,2.8006624348854703,10.180388074241025
PARLIAMENT,65,2,182,3.434749945998192,20.11538462,2.941346894769081,10.473850026349893
PARLIAMENT,65,3,159,3.4328798205597595,18.72955975,2.085244762163003,11.14751476511055
PARLIAMENT,65,4,172,3.434749945998192,18.6744186,2.0141468299697327,11.176076618962414
PRINCE EDWARD,66,1,258,5.057833653340448,18.23643411,4.008023696422547,16.835855021853604
PRINCE EDWARD,66,2,174,5.126644183699598,16.52298851,2.8053807555795234,18.759480150665517
PRINCE EDWARD,66,3,160,5.08252680664882,16.09375,2.81024214926401,19.07344198937765
PRINCE EDWARD,66,4,174,5.110817746997907,16.06896552,2.672951373442464,19.231351224183427
PHARMACY,67,1,182,8.070203794555349,26.37362637,4.719956117435122,18.405153021927447
PHARMACY,67,2,131,8.65246406015549,25.41984733,2.9055204063391398,20.705892030671848
PHARMACY,67,3,101,8.651806867358708,25.16831683,1.924666909233614,20.75116503042956
PHARMACY,67,4,109,8.64996324274518,24.9266055,2.0395467297225607,20.96443630257541
WARDEN,68,1,222,15.8787729179,48.11261261,11.211758765496908,19.854555453364966
WARDEN,68,401,1,0.7887000143527985,3.35,0.0,14.12597040631878
WARDEN,68,6701,32,12.850150018930435,43.28125,2.0801799050803265,17.851986261710994
WARDEN,68,2,188,16.311033950841175,47.54787234,10.50698074659104,20.600359304257292
WARDEN,68,3,147,15.539265934301882,42.32653061,8.672548970771135,21.907202366705814
WARDEN,68,4,159,15.336314419530472,41.79245283,8.583350470788124,21.923553914806725
WARDEN SOUTH,69,1,132,7.696994092654098,23.87424242,4.810253307674287,19.59480274897974
WARDEN SOUTH,69,2,114,7.662753661212168,22.4874269,4.967651969362493,21.054179840595683
WARDEN SOUTH,69,3,96,7.615673067979515,20.65277778,4.6224446561062695,22.34771578242413
WARDEN SOUTH,69,4,104,7.71132130935215,20.94791667,4.059276128774284,22.341581982086893
BATHURST,7,1,248,14.727839512059525,57.19126344,15.229943030489675,16.52893334744887
BATHURST,7,501,1,0.9440000057220459,2.96666667,0.0,19.092134947187443
BATHURST,7,2,243,14.75309094228617,45.99705075,7.070613317950764,19.659362515044428
BATHURST,7,3,215,14.814150694636412,44.70697674,7.482239291376123,20.490612827300872
BATHURST,7,4,243,14.75309094228617,43.56927298,7.940787386541663,20.983548395555502
O'CONNOR,70,1,209,6.137352045072893,24.48349282,3.903610697344676,15.421179570485148
O'CONNOR,70,401,2,1.2886000126600266,6.08333333,0.0,12.70947957692081
O'CONNOR,70,2,178,6.137158318600628,22.09550562,3.1143648132554014,17.01667207844919
O'CONNOR,70,3,164,6.136348672938056,21.94969512,2.2960703974819676,16.96693657285818
O'CONNOR,70,4,169,6.137340127716403,21.88757396,2.309858690818759,17.020698314884086
RUNNYMEDE,71,1,178,6.726799726486206,26.07865169,3.5370422452904178,15.67485581786222
RUNNYMEDE,71,2,143,6.722422804032172,24.04195804,2.9657110985255857,16.91360635951555
RUNNYMEDE,71,3,128,6.726799726486206,23.109375,1.8550369563367208,17.497484394697313
RUNNYMEDE,71,4,143,6.722422804032172,23.03496503,1.8336885804209657,17.537058635086307
PAPE,72,1,292,11.040649778936825,49.56073059,7.471249368227855,13.655966369748224
PAPE,72,401,1,11.013300001621246,52.0,0.0,12.707653848024515
PAPE,72,2,312,11.065781529562978,47.76933761,5.738223415465254,14.098962263002203
PAPE,72,3,247,11.04845760786823,44.52807018,5.334818383877523,15.083157945290747
PAPE,72,4,262,11.05725698963604,44.24058524,5.322425072104081,15.195772267301644
ROYAL YORK,73,1,255,12.56239567942479,35.7596732,10.983191956698722,21.217593545864204
ROYAL YORK,73,2,213,13.54401311096451,35.10665102,9.132070515131756,23.452620548928934
ROYAL YORK,73,3,189,13.515358164275765,33.76578483,8.8520949362446,24.231995582531905
ROYAL YORK,73,4,205,13.579302403258115,33.54943089,8.776346225147032,24.501580519788643
MOUNT PLEASANT,74,1,112,3.919176810953234,19.25892857,3.7098939523597005,12.648400414006415
MOUNT PLEASANT,74,2,104,3.919100022659852,17.07692308,2.226122481305815,14.020541180317634
MOUNT PLEASANT,74,3,97,3.9191443526867737,16.6185567,1.8746452528690818,14.326351919257055
MOUNT PLEASANT,74,4,110,3.9191000227223745,16.24545455,2.0189392518051,14.69490863511041
SHERBOURNE,75,1,263,4.120289389313174,24.18111534,4.360755626098601,10.26965560753441
SHERBOURNE,75,2,161,4.127074570620652,22.65445135,4.1067496318704535,10.952727837057552
SHERBOURNE,75,3,107,4.162223404047088,21.61588785,3.6870865719822263,11.553865347581814
SHERBOURNE,75,4,119,4.150258862045633,21.25042017,3.75170267114846,11.737743054015828
ROYAL YORK SOUTH,76,1,359,4.938569745406882,16.1141597,4.576147221882818,18.853778079640254
ROYAL YORK SOUTH,76,401,10,2.1926999781280756,7.8,1.3191748262539815,17.431972914011077
ROYAL YORK SOUTH,76,2,306,5.182991940321194,14.18278867,3.477815060827037,22.377606390387562
ROYAL YORK SOUTH,76,3,293,5.0321349041352095,13.71564278,3.121179939574893,22.250265652023483
ROYAL YORK SOUTH,76,4,317,5.0626619248313105,13.78780231,3.076860117236266,22.25620429915349
SWANSEA,77,1,132,2.7911985084188706,11.51388889,4.101756607493379,14.766926192735546
SWANSEA,77,2,84,2.791200026869774,10.42857143,3.629527433117859,16.281696927662075
SWANSEA,77,3,76,2.7911987082150422,10.40701754,3.6026562479131803,16.310786347215338
SWANSEA,77,4,84,2.791200026869774,10.28571429,3.507038598004184,16.460003208569443
ST ANDREWS,78,1,99,4.617003078713561,14.34343434,3.263392348374094,19.657899987352895
ST ANDREWS,78,2,83,4.655115711222212,14.1686747,3.518691148737441,20.404999701939754
ST ANDREWS,78,3,83,4.655115711222212,14.27710843,3.2572930331649275,20.094430483510433
ST ANDREWS,78,4,89,4.658650610386656,14.05617978,3.2752375351264322,20.484001215641364
SCARLETT RD,79,1,206,9.062595001702169,30.32038835,4.41250119994045,18.320234557786367
SCARLETT RD,79,6701,12,8.972950339317322,29.66666667,2.656229575084871,18.29361696421415
SCARLETT RD,79,2,147,9.087717351459322,30.49659864,4.044605292010755,18.24970309734053
SCARLETT RD,79,3,131,9.073977441278123,29.0,2.421279707065529,18.92687354900261
SCARLETT RD,79,4,147,9.087717351459322,28.78911565,2.3797081296966467,19.092119943968687
BROADVIEW,8,1,111,9.81587024476077,35.98198198,4.653743977560899,16.64721366780121
BROADVIEW,8,2,115,9.816466931415642,33.62608696,3.7728108989710964,17.737171477719386
BROADVIEW,8,3,112,9.817331225478224,32.55357143,3.3027025884501167,18.279104634781152
BROADVIEW,8,4,115,9.816466931415642,32.46086957,3.308189985926861,18.33034118300553
QUEENSWAY,80,1,137,11.28845715664164,39.00973236,9.291818655502642,17.797385650429913
QUEENSWAY,80,6701,7,12.134971699544362,44.57142857,3.155817433482075,16.39952262786763
QUEENSWAY,80,2,117,11.963671265249578,41.19216524,5.990272096838131,17.86364269211662
QUEENSWAY,80,3,105,12.019453653835114,40.81904762,6.123772494889164,18.110249174648832
QUEENSWAY,80,4,117,12.019453312087263,40.83760684,6.018429339011242,18.084061276660766
ROSEDALE,82,1,91,2.4791933727133406,9.93406593,1.6759592811689117,15.152708226507833
ROSEDALE,82,2,92,2.475999966263771,8.83695652,1.3292460588868276,16.924073197043633
ROSEDALE,82,3,88,2.475999966263771,9.20454545,1.8100671189783584,16.4234077412377
ROSEDALE,82,4,96,2.475999966263771,9.22916667,1.7881506197434525,16.366500639646283
JONES,83,1,141,3.754043980798823,18.29787234,1.6055960685913766,12.399670673005254
JONES,83,2,122,3.7554000094532967,13.8852459,0.9933939283634827,16.311688439185346
JONES,83,3,120,3.752213342115283,13.64166667,0.7505090864798964,16.53775076697758
JONES,83,4,134,3.7525462775088068,13.52238806,0.8077647240438702,16.692407694228955
SHEPPARD WEST,84,1,353,13.242814179942561,40.40481586,11.810210238823021,20.4977201468139
SHEPPARD WEST,84,401,2,12.794100403785706,47.0,0.0,16.33289413249239
SHEPPARD WEST,84,2,338,12.536416054278964,34.96656805,6.009443312966689,22.029432304196707
SHEPPARD WEST,84,3,270,12.34865933595984,33.0262963,6.853883272438225,23.093528774404202
SHEPPARD WEST,84,4,292,12.452710351102972,33.325,6.029586726790683,22.935792798612102
SHEPPARD EAST,85,1,298,17.244875728733987,52.2114094,8.868858345309926,20.072259351288547
SHEPPARD EAST,85,2,326,17.787004447010762,52.15644172,8.606428876919525,20.75345596061292
SHEPPARD EAST,85,3,293,17.68253700572476,49.46416382,8.197825758559489,21.664595258580853
SHEPPARD EAST,85,4,325,17.820262615359745,48.80923077,7.775340172166057,22.18304581241134
SCARBOROUGH,86,6701,38,12.915426289172549,37.21666667,14.378703184333348,20.54590323203934
SCARBOROUGH,86,1,361,12.192716073750459,35.60863343,7.5782980824139266,20.73683486956671
SCARBOROUGH,86,401,1,12.978100270032883,29.0,0.0,26.851241937999067
SCARBOROUGH,86,2,334,13.473116447156418,36.95668663,6.928919973723386,22.267498704150945
SCARBOROUGH,86,3,268,14.353417098827993,37.31436567,6.515949297254676,23.3911768823689
SCARBOROUGH,86,4,268,14.327106625036295,37.31436567,6.5159492972546795,23.33870716667597
COSBURN,87,1,247,7.009240951373992,24.22267206,3.6356049880729038,17.77531327842777
COSBURN,87,2,240,7.053962991635005,23.79166667,2.835477130141513,18.02858661302615
COSBURN,87,3,216,7.038119977685036,23.7962963,2.1202692843444293,17.88299644151685
COSBURN,87,4,240,7.026437983910243,23.52916667,2.150383525224177,18.057011971615882
SOUTH LEASIDE,88,1,167,6.697650396761423,24.54580838,8.006543132298162,16.748916228327168
SOUTH LEASIDE,88,2,138,6.716242118968048,22.55555556,6.812101259093544,18.030495279042707
SOUTH LEASIDE,88,3,101,6.696814936207662,21.669967,6.44917423347674,18.699134798698825
SOUTH LEASIDE,88,4,113,6.733407169514526,21.57227139,6.393283875673229,18.889624038256443
WESTON,89,1,258,9.660132978227018,37.12790698,6.270015723237162,16.078802640473732
WESTON,89,401,1,10.724300265312195,42.0,0.0,15.320428950445992
WESTON,89,2,300,9.657693365315597,36.49333333,6.23083372341847,16.369696144398578
WESTON,89,3,235,9.667687694379623,33.3787234,4.9975711619985415,17.788038166659693
WESTON,89,4,235,9.654158331263572,33.35744681,5.005518005410611,17.77326589427746
BELLAMY,9,1,111,12.51235558804091,40.2972973,3.3032732731367727,18.765596479138082
BELLAMY,9,401,2,12.455699622631073,47.0,0.0,15.90089313527371
BELLAMY,9,2,125,12.511400530338287,39.52,2.3068593368473937,19.06524794170932
BELLAMY,9,3,100,12.51297273337841,38.49,2.0469245223016883,19.56575153267256
BELLAMY,9,4,103,12.511304584521692,38.4368932,2.0080899629434428,19.586955626457332
VAUGHAN,90,1,206,3.603514517666501,17.12912621,3.088250010181526,13.001018194353277
VAUGHAN,90,2,175,3.6035176682259356,16.36838095,1.7344264632617277,13.370756148477367
VAUGHAN,90,3,184,3.6032820176738114,15.13922101,1.281552287330585,14.396834206732821
VAUGHAN,90,4,195,3.6037671333513197,15.04854701,1.30442350516948,14.490114883226942
AIRPORT EXPRESS,900,1,384,4.5731800974657135,12.28385417,6.9413577667052495,15.153722158953727
AIRPORT EXPRESS,900,2,393,4.571875201230134,11.23918575,5.944937448858501,16.732551009068015
AIRPORT EXPRESS,900,3,355,4.536744699008028,11.05352113,5.864666963057817,16.77327259395836
AIRPORT EXPRESS,900,4,393,4.571875201230134,11.043257,5.834063487064778,16.97412027435059
MARKHAM RD EXPRESS,902,1,137,18.089434326510794,53.21520681,12.084044944974663,19.900150031887563
MARKHAM RD EXPRESS,902,401,1,11.045500040054321,41.11666667,0.0,16.118281371785795
KENNEDY STN-SCARBOROUGH EXPRESS,903,1,215,8.938247828843982,24.88372093,2.9270931872373342,21.71046671126359
KENNEDY STN-SCARBOROUGH EXPRESS,903,2,178,8.633757231443116,22.83707865,4.198899856515976,22.82261599387098
KENNEDY STN-SCARBOROUGH EXPRESS,903,3,160,8.652324923314154,22.43125,3.9204940297748156,23.19969117445151
KENNEDY STN-SCARBOROUGH EXPRESS,903,4,178,8.700381383299828,22.48876404,3.734501702610017,23.249969321676158
SHEPPARD-KENNEDY EXPRESS,904,1,160,14.500381664931774,44.4125,3.836319036524469,19.73769138056694
SHEPPARD-KENNEDY EXPRESS,904,2,160,14.488349795341492,44.775,4.246984224128927,19.58596957841096
SHEPPARD-KENNEDY EXPRESS,904,3,155,14.482139798133604,41.90322581,3.6769099817003412,20.892971615022883
SHEPPARD-KENNEDY EXPRESS,904,4,163,14.482444583272642,41.78527607,3.624630010800331,20.948759873086107
EGLINTON EAST EXPRESS,905,1,186,12.319522125746614,37.35483871,2.555387146521847,19.87341053762742
EGLINTON EAST EXPRESS,905,2,99,10.117924198959813,35.56565657,3.247879233964292,17.29073188008473
EGLINTON EAST EXPRESS,905,3,92,10.17103583916374,30.85869565,1.426317253409073,19.81986867985424
EGLINTON EAST EXPRESS,905,4,96,10.127588500579199,30.78125,1.444840857730243,19.780963207256992
WOODBINE,91,1,118,11.751507636854203,34.80042373,6.642421116959552,20.81678781583137
WOODBINE,91,401,2,10.227700188755989,32.88333333,0.0,18.661794566407277
WOODBINE,91,2,91,11.524622940755153,33.13113553,4.8835569269538155,21.03724849992969
WOODBINE,91,3,85,11.403837512170567,31.17647059,4.833323390197783,21.96268610509631
WOODBINE,91,4,91,11.521141624712682,31.64468864,4.332009433662247,21.923822899260248
WOODBINE SOUTH,92,1,188,2.650749921798706,10.5212766,1.6613806319883042,15.453508541799785
WOODBINE SOUTH,92,2,166,2.650749921798706,9.76506024,0.8134314842096766,16.392601634010898
WOODBINE SOUTH,92,3,156,2.650749921798706,9.76282051,0.7520244428581743,16.400837336658924
WOODBINE SOUTH,92,4,168,2.6063500940799713,10.60119048,0.900660346055556,14.86319537877953
VICTORIA PARK EXPRESS,924,1,96,13.596150062978268,42.20833333,3.499751975338943,19.412199147312677
DON MILLS EXPRESS,925,1,176,16.442058037627827,51.75113636,6.2455073729074515,19.224233185024392
DON MILLS EXPRESS,925,2,131,16.54182010934553,50.96183206,4.479647921267249,19.588360404563065
DON MILLS EXPRESS,925,3,131,16.539207150917928,47.96946565,3.0962645095246817,20.741138636180175
DON MILLS EXPRESS,925,4,133,16.54205964920216,47.90977444,3.1106381779199084,20.772281424019308
HIGHWAY 27 EXPRESS,927,401,11,13.723854715173895,23.90909091,1.443137078762504,34.68376899435501
HIGHWAY 27 EXPRESS,927,1,341,18.158437952180762,38.39002933,7.542086431556951,28.94301092284871
HIGHWAY 27 EXPRESS,927,6701,38,13.927800118923187,23.5,1.5000000000000004,35.828182092579915
HIGHWAY 27 EXPRESS,927,2,238,19.332399934530258,39.25630252,3.2715770785280234,29.77126642155299
HIGHWAY 27 EXPRESS,927,3,188,19.332399934530258,37.46808511,2.154668991015095,31.08171599964485
HIGHWAY 27 EXPRESS,927,4,207,19.328448730102483,37.37681159,2.0788894002366503,31.140208051991227
DUFFERIN EXPRESS,929,1,243,11.564238888736615,48.31687243,5.991970217776557,14.572511838368166
DUFFERIN EXPRESS,929,2,144,11.559694649858606,51.03472222,3.230525401120361,13.629097409387736
DUFFERIN EXPRESS,929,3,145,11.561459515834677,45.46896552,2.1465454923050413,15.276110619662772
DUFFERIN EXPRESS,929,4,145,11.561459515834677,45.46896552,2.1465454923050493,15.276110619662772
PARKVIEW HILLS,93,1,82,3.452407306423638,11.34126016,2.2489853563012416,19.014202545173923
PARKVIEW HILLS,93,2,84,3.453002370317422,10.8093254,1.9125099010541442,19.771169263891068
PARKVIEW HILLS,93,3,76,3.4504341998284587,10.56557018,1.6421938674504242,20.084962571955515
PARKVIEW HILLS,93,4,84,3.453002370317422,10.5593254,1.569758750358968,20.067542756304896
JANE EXPRESS,935,1,151,14.14747909382479,48.9602649,7.543148107622986,17.73471990814946
JANE EXPRESS,935,2,173,14.083729105877739,47.89595376,3.0602119081392205,17.722583911331864
JANE EXPRESS,935,3,158,14.092281904213037,44.03797468,2.040371261666622,19.240990627073394
JANE EXPRESS,935,4,158,14.086024942277353,44.0443038,2.032473509282459,19.22865507399487
ISLINGTON EXPRESS,937,1,67,14.588832653280514,43.76119403,6.494750008951102,20.442616413886608
HIGHLAND CREEK EXPRESS,938,1,30,12.721460103988647,32.06666667,2.4073960113690376,23.754471825549857
FINCH EXPRESS,939,1,354,21.719979104854293,62.19872881,22.456844694201603,21.1573057484426
FINCH EXPRESS,939,2,199,24.539974422311065,66.88442211,13.863719636283797,21.998287845392515
FINCH EXPRESS,939,3,170,24.816000636886148,62.60588235,11.322698212426607,23.868882452726044
FINCH EXPRESS,939,4,167,24.81508507842789,62.58083832,11.359308267986835,23.871207887846356
WELLESLEY,94,1,237,5.8544982601633055,32.45991561,4.887184979161236,11.053602465314196
WELLESLEY,94,2,237,5.855220201240562,29.65400844,4.821976726780111,12.150168326951965
WELLESLEY,94,3,234,5.825639699768816,27.39316239,3.3100656252881078,12.924262798622152
WELLESLEY,94,4,235,5.85496292694452,27.25957447,3.594400597897524,13.08306928624073
KEELE EXPRESS,941,1,70,12.610849902033806,46.44142857,4.5944218618775094,16.475888792346684
KIPLING SOUTH EXPRESS,944,1,210,4.512840058690026,17.65238095,1.5639142126085739,15.817395272589573
KIPLING SOUTH EXPRESS,944,6701,27,4.451777833479422,17.62962963,1.4693951425835092,15.625430358316002
KIPLING EXPRESS,945,1,100,13.706796559244394,38.61066667,2.8799966435165643,21.37284519872032
YORK MILLS,95,1,296,20.741152894758695,57.31475225,13.734028469523578,21.88587496132201
YORK MILLS,95,401,4,10.994624752551317,35.3375,26.80820089854347,19.16247457403275
YORK MILLS,95,2,359,20.11775878794014,52.83932219,9.68281823287296,22.98226893527544
YORK MILLS,95,3,303,20.270959376600317,52.27563256,8.065103706329495,23.353812669555275
YORK MILLS,95,4,333,20.089754945433533,51.60755756,9.308558053039183,23.41872313746555
LAWRENCE WEST EXPRESS,952,1,126,10.983743885206797,40.70634921,29.052242888122016,10.490257213132642
STEELES EAST EXPRESS,953,1,65,22.154144278397926,63.44615385,6.061304173527655,21.207641530306862
LAWRENCE EAST EXPRESS,954,1,81,14.104464451471964,41.11111111,1.7427096823731134,20.598725999724394
WILSON,96,1,265,22.255372029346116,65.95685535,11.55917670994694,20.686470812959325
WILSON,96,2,336,22.995407377741124,64.94816468,10.201158513838855,21.639620425141302
WILSON,96,3,286,22.894100302107425,61.79236597,8.33334341470856,22.477951600860198
WILSON,96,4,290,22.89324891124049,61.60764368,8.54987105297267,22.555319513739366
STEELES WEST EXPRESS,960,6701,10,19.084600761532784,60.7,4.920365840057017,18.960628551429522
STEELES WEST EXPRESS,960,1,248,18.786439373127877,60.65322581,7.970251498479295,18.881134092678497
STEELES WEST EXPRESS,960,2,157,19.01978734097663,55.48407643,3.8533715827399173,20.681409762750373
STEELES WEST EXPRESS,960,3,136,17.48345036804676,45.70588235,1.9558270668878017,22.98464493556825
STEELES WEST EXPRESS,960,4,137,17.490041247467055,45.69343066,1.954078810339125,22.99988376664864
WARDEN EXPRESS,968,1,60,12.717903635899226,35.96666667,4.304906761153164,21.510184754291053
YONGE,97,1,178,10.548688298363365,45.51685393,12.578394495315685,13.955069306161867
YONGE,97,2,172,10.477318123502787,42.9127907,10.947467547354437,14.561727120471303
YONGE,97,3,150,10.39018343170484,41.40666667,9.330306652100038,14.840745062749674
YONGE,97,4,170,10.42382421826615,40.23529412,9.629790858181618,15.45719168252035
WILLOWDALE-SENLAC,98,1,104,10.711900178629618,32.91185897,6.012971498774049,19.705526928075372
WILLOWDALE-SENLAC,98,2,91,10.798369409455049,29.21923077,4.022367197288492,22.30919531688487
WILLOWDALE-SENLAC,98,3,83,10.787325479718575,29.27650602,3.688727025579532,22.14709975747448
WILLOWDALE-SENLAC,98,4,95,10.803193862971506,29.24157895,3.4673792061954773,22.204739535180163
SHEPPARD WEST EXPRESS,984,1,172,7.920469539456589,24.88197674,14.173921242172332,19.340024542527527
SHEPPARD EAST EXPRESS,985,1,79,12.548234126235865,40.79177215,12.474160881056566,18.980504365395742
SCARBOROUGH EXPRESS,986,1,90,11.74914740257793,34.24444444,1.9794000837016332,20.72254176392699
WESTON EXPRESS,989,1,68,15.73645056784153,53.89705882,4.7778277918217675,17.66693425015728
ARROW RD,99,1,110,3.3159219270402733,9.74272727,4.112082177524027,21.42482826535537
ARROW RD,99,2,152,3.2963501065969467,9.40964912,4.005604866274438,21.99215955219652
ARROW RD,99,3,148,3.2963501065969467,8.80563063,3.2397682287284977,22.84455907613685
ARROW RD,99,4,148,3.2963501065969467,8.80563063,3.239768228728497,22.844559076136857
YORK MILLS EXPRESS,995,1,148,17.953984506830977,52.77027027,3.2881741310555928,20.471271366035012
WILSON EXPRESS,996,1,176,29.615062691271305,85.48551136,17.441693541687503,20.85314263802908
LINE 1 (YONGE-UNIVERSITY),1,1,601,35.51368315822868,71.24564615,11.830404674318181,29.84890182220875
LINE 1 (YONGE-UNIVERSITY),1,2,479,36.18046451261994,70.3651009,10.652990721102613,30.843275787621128
LINE 1 (YONGE-UNIVERSITY),1,3,422,35.86026329988552,69.73724329,12.481122812287307,30.869556584286396
LINE 1 (YONGE-UNIVERSITY),1,4,461,36.1308830914425,70.18821403,10.830396661491685,30.877371043817796
LINE 2 (BLOOR - DANFORTH),2,1,767,23.171415194072498,48.4363103,7.519064969518429,28.859556846102038
LINE 2 (BLOOR - DANFORTH),2,2,486,23.427422849239147,47.99399863,7.245688845822619,29.4640992164867
LINE 2 (BLOOR - DANFORTH),2,3,448,23.586156319028564,46.62265625,5.860674717787108,30.442675158931824
LINE 2 (BLOOR - DANFORTH),2,4,505,23.60274889705205,46.21442244,5.97545782125334,30.767772828928248
LINE 4 (SHEPPARD),4,1,457,3.495225930631291,8.37089716,0.36900698304607454,25.0142696506823
LINE 4 (SHEPPARD),4,2,451,3.4950579814530265,8.37050998,0.3714380954743643,25.013713518965293
LINE 4 (SHEPPARD),4,3,402,3.5078501105308533,8.4,0.0,25.056072218077404
LINE 4 (SHEPPARD),4,4,451,3.4950579814530265,8.37050998,0.3714380954743643,25.013713518965293
AIRPORT EXPRESS,900,4,1525,4.564025858191193,11.408524592249181,,16.40672976673899
ANCASTER PARK,184,4,372,2.0378500670194626,9.188172043064515,,13.307018739078767
ARROW RD,99,4,558,3.3002083507703626,9.154898445197132,,22.332488974300126
AVENUE RD,13,4,379,6.038161755630398,24.323570797704487,,15.236020497250195
AVENUE RD NORTH,61,4,493,5.228311763876109,17.945233265070993,,18.02248902973021
BATHURST,307,4,120,17.707421388911705,43.88402777766667,,24.351274521417256
BATHURST,511,4,1031,4.582949574729636,27.844261236944714,,10.102585514944948
BATHURST,7,4,950,14.7457818908362,47.961070173978946,,19.36839654132629
BATHURST NORTH,160,4,200,11.71940111041069,36.2899999982,,19.498988857793474
BAY,19,4,391,4.376549670153566,28.053708439488485,,9.6761809854907
BAYVIEW,11,4,713,9.406285090541772,31.0056100973913,,17.549600381107343
BAYVIEW SOUTH,28,4,346,4.0460000187158585,14.297687863410406,,17.406963999285477
BELLAMY,9,4,441,12.511722406697652,39.263038548526076,,19.210817621226536
BIRCHMOUNT,17,4,481,14.005356966891556,39.72144837004158,,21.47619801370509
BIRCHMOUNT SOUTH,117,4,427,7.090576607882278,23.778064014496486,,18.05321665768174
BLOOR WEST,49,4,359,4.231558855197556,11.308263695738162,,22.997184744191504
BLOOR-DANFORTH,300,4,411,22.344192844382746,57.810218976204375,,17.705501070728218
BLUFFER'S PARK,201,4,112,5.418399900197983,18.80357143,,17.37143532272096
BRIMLEY,21,4,430,13.449240559651408,40.266744188186046,,20.07557699038729
BROADVIEW,8,4,453,9.816534412025616,33.64238410792495,,17.754667532460903
BURNHAMTHORPE,50,4,639,5.954096264227735,15.259441836228483,,23.723799798338405
CALVINGTON,120,4,341,8.087815373524194,25.14203323472141,,19.83913752060871
CARLTON,306,4,186,12.711239333675113,47.75313620155914,,17.410314338495567
CARLTON,506,4,1060,14.957179730961908,81.26275157208491,,11.477478929049017
CASTLEFIELD,164,4,340,6.352193745181841,24.952941175411766,,15.439514263832947
CHERRY BEACH,202,4,123,4.767594277374143,18.61788618,,15.484201929955741
CHRISTIE,126,4,323,2.783191935934888,13.64705882263158,,12.553027735793872
CLIFFSIDE,20,4,437,9.505022872537715,32.15926773526316,,17.973183332429247
COSBURN,87,4,943,7.031614702333195,23.838812302460234,,17.936132843534878
COXWELL,22,4,1026,2.346652535783385,9.60516569177388,,14.957230535653684
COXWELL,322,4,64,9.711199977435172,21.9619791659375,,26.53309897027548
CUMMER,42,4,520,15.670888139192874,43.977948716807695,,21.828350188677444
CURRAN HALL,154,4,442,11.731107375015636,33.48880090597285,,21.307764303519807
DANFORTH,113,4,443,7.175589494995823,25.745334836772003,,17.09762259621219
DAVENPORT,127,4,366,5.948021299892762,24.685792349262297,,14.88523935603576
DAWES,23,4,810,3.5001055175231564,14.759218104814813,,14.55175808096274
DON MILLS,25,4,1299,13.936795377021253,43.10284834516551,,19.359393125742546
DON MILLS,325,4,69,19.362643634738482,46.406038647391306,,25.3033309541002
DON MILLS EXPRESS,925,4,571,16.51052665334658,49.807705779141855,,20.016362249205297
DOWNSVIEW PARK,101,4,243,3.511294241795324,9.982716047901237,,21.286297089590633
DREWRY,125,4,570,3.7079814499407484,13.474502924561403,,16.612136974627617
DRIFTWOOD,108,4,745,11.696133999186474,29.948769574362412,,23.651215479064156
DUFFERIN,29,4,1344,12.350214232895745,52.964781746138385,,14.296355268069934
DUFFERIN,329,4,127,15.548330633600397,45.72611548874016,,20.404418569598796
DUFFERIN EXPRESS,929,4,677,11.562081741705603,47.67503692905465,,14.673238527884049
DUFFERIN NORTH,105,4,527,4.55284504329457,12.104364326755219,,23.127558595474053
DUNDAS,305,4,161,8.834950370309146,39.091097310683224,,13.879315856353992
DUNDAS,505,4,1128,9.869825284650668,56.19705969099291,,11.102683448781995
DUPONT,26,4,358,9.084758524038937,34.74301675927374,,16.17604317852679
EAST MALL,111,4,546,8.547332250755348,25.382234432509158,,20.530943649340657
EAST YORK,404,4,16,13.466299891471863,61.25,,13.233615278051452
EGLINTON EAST,334,4,143,16.782437420391535,33.468531466923075,,30.136878384726955
EGLINTON EAST,34,4,1600,10.760169173954054,39.443124998918755,,16.936177181568123
EGLINTON EAST EXPRESS,905,4,473,10.995960685717883,34.382663848393236,,19.30367273270687
EGLINTON WEST,32,4,1931,11.74796311001779,40.51063352396167,,17.791258491185378
EGLINTON WEST,332,4,91,10.977611868263601,22.7701465210989,,19.504153039304242
ESPLANADE-RIVER,121,4,496,4.419662932655023,26.04233871143145,,10.263272578217313
ETOBICOKE,405,4,14,11.730564308485814,64.19166667,,10.599533476698076
ETOBICOKE-BLOOR,149,4,339,6.164935977937198,26.876106196755156,,14.535724518236721
EVANS,15,4,364,8.020817118359137,21.277472526950547,,22.870768338245536
EVANS-BROWN'S LINE,315,4,70,11.929298960523946,29.0,,24.681308194187476
FAYWOOD,104,4,379,7.732251255839356,23.66490764949868,,19.920103980619448
FINCH EAST,339,4,100,11.892592094242573,28.08,,22.35684314001121
FINCH EAST,39,4,1284,15.947574706399969,46.67802440239097,,20.781255816951855
FINCH EXPRESS,939,4,890,23.522659359018455,63.395898873674156,,22.372525000466926
FINCH WEST,336,4,133,13.59655071951841,36.187844612180456,,21.234918158968874
FINCH WEST,36,4,2409,11.771599355713924,41.10726442432129,,17.52840038180574
FLEMINGDON PARK,100,4,1004,10.054300166666508,31.703187249402394,,19.27254886328858
FOREST HILL,33,4,326,3.3458641899372537,12.325306749386504,,16.48489821477824
GERRARD,135,4,438,4.941448852487895,16.465753423561644,,18.194124704605294
GLENCAIRN,14,4,352,6.554999999701977,24.681818180795457,,16.111342958009427
GRAYDON HALL,122,4,394,9.630289254606073,26.386294416142135,,22.13591436923524
GREENWOOD,31,4,684,4.892845998185943,20.69736842349415,,14.329386859780804
HARBOURFRONT,509,4,1006,3.6205335348311287,21.16053678063618,,10.312376117618744
HIGH PARK NORTH,30,4,378,2.234000042080879,8.005291006666667,,17.260089321712798
HIGHLAND CREEK,38,4,685,17.655658533712373,44.11763990223357,,24.041602194263067
HIGHLAND CREEK EXPRESS,938,4,30,12.721460103988647,32.06666667,,23.754471825549857
HIGHWAY 27 EXPRESS,927,4,1023,18.67921545192643,37.50830889649071,,30.29081738628776
HUNTINGWOOD,169,4,272,13.206164250369458,38.83939951308824,,20.464668732106215
ISLINGTON,337,4,74,19.127612373716122,42.06509009027027,,27.340559174260086
ISLINGTON,37,4,912,15.50943650942492,41.62750365411185,,22.640554710554465
ISLINGTON EXPRESS,937,4,67,14.588832653280514,43.76119403,,20.442616413886608
ISLINGTON SOUTH,110,4,798,7.924012653380259,22.106850459273183,,21.47009261615293
JANE,335,4,80,17.31510497033596,43.65,,23.811280886899866
JANE,35,4,1199,15.85488112821392,51.853294411784816,,18.817403163291615
JANE EXPRESS,935,4,640,14.101448375359178,46.24375000034375,,18.472115224312137
JONES,83,4,517,3.7535508794699233,14.93810444909091,,15.395923167385575
JUNCTION,340,4,75,5.437920159101486,13.799999998,,23.729642671649604
JUNCTION-DUNDAS WEST,40,4,778,6.566238806551864,23.810282775976862,,16.754496019531807
KEELE,341,4,59,16.245683762071245,44.54237288050847,,21.945730240704325
KEELE,41,4,832,16.536641541051303,58.955749199206736,,17.159285761514656
KEELE EXPRESS,941,4,70,12.610849902033806,46.44142857,,16.475888792346684
KENNEDY,343,4,91,10.614346093365125,25.03663004065934,,25.835100380471136
KENNEDY,43,4,1431,10.12137273065928,30.738609365345912,,19.96903250723144
KENNEDY STN-SCARBOROUGH EXPRESS,903,4,731,8.74360047107519,23.26538987519836,,22.682108231191936
KING,304,4,202,9.301344956723181,40.866254126336635,,13.232353303592182
KING,504,4,3244,6.6551545777285765,36.626407726399506,,11.152377038671078
KINGSTON RD,12,4,661,11.491075145816163,35.56129601375189,,19.707230544146153
KINGSTON RD,503,4,998,13.5924002379179,61.37274548985972,,13.529904992679697
KINGSTON RD-MCCOWAN,302,4,57,19.036219352431466,41.0,,27.857881979168
KIPLING,45,4,984,14.033635928863433,36.13953251788618,,23.507698344507826
KIPLING EXPRESS,945,4,100,13.706796559244394,38.61066667,,21.37284519872032
KIPLING SOUTH,44,4,1070,5.669785130164961,16.368847354476635,,21.28780189743177
KIPLING SOUTH EXPRESS,944,4,237,4.505883602653375,17.64978902746836,,15.795525851976128
LAKE SHORE,508,4,25,13.140060003846884,65.31666667,,12.172528365227924
LANSDOWNE,47,4,2184,3.8996265841470588,13.049450552692306,,18.42900333512235
LAWRENCE EAST,354,4,90,17.904398870137,32.04944444188888,,31.128588333773465
LAWRENCE EAST,54,4,1247,22.508282507837727,65.96424752910985,,20.96093605228756
LAWRENCE EAST EXPRESS,954,4,81,14.104464451471964,41.11111111,,20.598725999724394
LAWRENCE MANOR,400,4,14,11.043214306767497,61.22857143,,10.931114126004669
LAWRENCE WEST,352,4,84,14.273399839798609,40.035714285000005,,14.759821341596995
LAWRENCE WEST,52,4,1769,14.186046708518415,46.6477105702883,,15.830562887758536
LAWRENCE WEST EXPRESS,952,4,126,10.983743885206797,40.70634921,,10.490257213132642
LAWRENCE-DONWAY,162,4,236,9.554717599840487,27.750282483305085,,20.72656178429555
LEASIDE,56,4,420,7.548297614373621,25.329761904261904,,18.285160381514938
LESLIE,51,4,352,17.002477511848237,42.66534090931819,,24.25734844384565
LINE 1 (YONGE-UNIVERSITY),1,4,1963,35.895840192229784,70.45817626258786,,30.552491098923507
LINE 2 (BLOOR - DANFORTH),2,4,2206,23.410783854270132,47.461906920435176,,29.751077094280607
LINE 4 (SHEPPARD),4,4,1761,3.49802174560053,8.377342421396934,,25.023527459475087
LONG BRANCH,507,4,826,7.4644836007322,28.78934624815981,,15.859347933990987
MAIN,64,4,738,2.2091742751761507,8.764227642655825,,15.206320521945702
MAPLE LEAF,59,4,406,9.956181627170647,28.830336618916252,,21.186314297987263
MARKHAM RD,102,4,1530,18.021628271695835,54.0100000019085,,19.882185737519873
MARKHAM RD EXPRESS,902,4,138,18.038391324435022,53.12753622927536,,19.872745186524508
MARTIN GROVE,46,4,453,15.542756964417615,40.054672555253866,,23.52217570883485
MCCOWAN,16,4,821,8.880446444402805,30.237515226613887,,17.760715427642463
MCCOWAN NORTH,129,4,996,16.195200891649147,44.35338018572289,,22.22722741591532
MIDDLEFIELD,130,4,325,7.321743048337789,21.341538462246156,,20.636300233896108
MIDLAND,57,4,530,11.849361999192327,34.723207544037734,,20.76280888768622
MILNER,132,4,332,8.903143657708025,21.98514056180723,,24.463961059249588
MORNINGSIDE,116,4,1164,16.4687247100411,46.21897193456186,,23.074809585710295
MORTIMER,62,4,481,7.203311370464967,24.220374220041585,,18.16437249732507
MOUNT DENNIS,171,4,504,4.373169489145752,15.450231479861111,,17.21931996928683
MOUNT PLEASANT,74,4,423,3.919130519842707,17.333333334657212,,13.902726276954686
MOUNT PLEASANT NORTH,103,4,413,3.9963108083959353,15.728813560823246,,15.547888854294285
NEILSON,133,4,787,16.023040900842357,42.83354510936468,,22.662396304568002
NUGGET,131,4,558,15.058447869501233,44.29958183949821,,20.75425157600932
O'CONNOR,70,4,722,6.123642135875873,22.6606186500277,,16.5325328705171
OSSINGTON,363,4,68,8.754094057223377,24.985294117499997,,21.29481004509847
OSSINGTON,63,4,2533,4.114722120164178,20.234905908677455,,12.696665909942647
PAPE,72,4,1114,11.053300927381434,46.694105326696594,,14.457772357622115
PARKDALE,402,4,16,8.687537282705307,57.39583333,,9.067763360732414
PARKVIEW HILLS,93,4,326,3.452253977076773,10.821881392638037,,19.73028703640902
PARLIAMENT,365,4,64,3.2772999554872513,13.41666667,,14.68081740134453
PARLIAMENT,65,4,742,3.434749945998192,19.664420486698113,,10.69041725055389
PHARMACY,67,4,523,8.449193823234985,25.60038240707457,,19.967879409298114
PHARMACY NORTH,167,4,151,8.637538987082362,25.0268211905298,,20.883530504636983
PRINCE EDWARD,66,4,766,5.090657633899495,16.90731070704961,,18.28434200151745
PROGRESS,134,4,501,9.237643162439207,26.82574850173653,,21.040324588728957
QUEEN,301,4,197,17.073766288456277,56.848646363197965,,18.169029420419164
QUEEN,501,4,1155,17.628879944470537,89.14672438628571,,12.405761888672417
QUEENS QUAY EAST,114,4,898,5.315002817254024,20.22494431663697,,16.11917738175828
QUEENSWAY,80,4,483,11.800272549809137,40.45510697053831,,17.930633582171954
RANEE,109,4,413,6.565920819399865,24.641646487046003,,16.383353622272068
RATHBURN,48,4,353,8.464427339625425,20.370915958583566,,25.09088511911568
ROGERS RD,161,4,505,8.077591382070343,28.188646862772277,,17.90837460125844
ROSEDALE,82,4,367,2.4767917918411846,9.299727518773842,,16.21895129530024
ROYAL YORK,73,4,862,13.255737095829229,34.635498838259856,,23.21179315866872
ROYAL YORK SOUTH,76,4,1285,5.0273528631936015,14.468741892708172,,21.295656197715246
RUNNYMEDE,71,4,592,6.724685199760102,24.209459459172297,,16.817985527582426
SCARBOROUGH,86,4,1270,13.458059884431794,36.725971130102366,,22.24767436614135
SCARBOROUGH EXPRESS,986,4,90,11.74914740257793,34.24444444,,20.72254176392699
SCARBOROUGH-GUILDWOOD,406,4,16,15.303050220012665,60.0,,15.303050220012667
SCARLETT RD,79,4,643,9.07472771471062,29.729393469315706,,18.603670520165412
SENTINEL,106,4,667,8.203849692394709,25.41684158226387,,19.483332925775635
SHEPPARD CENTRAL,185,4,457,5.430200295714372,17.665207876586432,,19.097125242572208
SHEPPARD EAST,385,4,76,24.258910975369968,50.77850877078947,,28.663238402826288
SHEPPARD EAST,85,4,1242,17.64098640060991,50.65861513802738,,21.179046883769466
SHEPPARD EAST EXPRESS,985,4,79,12.548234126235865,40.79177215,,18.980504365395742
SHEPPARD WEST,384,4,72,10.77861373540428,25.654166665,,26.080778533464613
SHEPPARD WEST,84,4,1255,12.67564914414726,35.716015936637454,,22.029333374655497
SHEPPARD WEST EXPRESS,984,4,172,7.920469539456589,24.881976740000002,,19.340024542527527
SHEPPARD-KENNEDY EXPRESS,904,4,638,14.488349795341492,43.222570532852664,,20.289724471909167
SHERBOURNE,75,4,650,4.134359729347321,22.844153849153848,,10.919020957179928
SHERWAY,123,4,1027,8.542556314398158,25.52827004170399,,20.229506393203476
SILVER HILLS,115,4,312,6.281150132417679,17.855769227499998,,21.7282013092264
SOUTH DON MILLS,403,4,12,10.007400120298067,35.93888889,,16.75522175490409
SOUTH LEASIDE,88,4,519,6.710216468957348,22.809537573815028,,17.935293814316164
SPADINA,310,4,141,4.411233996774288,22.995271865390073,,11.448051588316044
SPADINA,510,4,1733,4.251231259514298,28.739719175989617,,8.926227877849138
ST ANDREWS,78,4,354,4.645345811242774,14.214689265169493,,20.14310992184289
ST CLAIR,312,4,82,6.015412038419305,22.800000003414635,,15.666268019707648
ST CLAIR,512,4,1456,6.630928677867504,31.531272892534343,,12.74582321257008
STANLEY GREENE,128,4,44,4.558649986982346,17.90909091,,15.60590234515293
STEELES,353,4,124,17.089521433557234,34.298521506451614,,26.994430135669393
STEELES EAST,53,4,1173,18.225969574900894,52.26469167583973,,21.131168933253498
STEELES EAST EXPRESS,953,4,65,22.154144278397926,63.44615385,,21.207641530306862
STEELES WEST,60,4,1070,11.234826607507802,33.915794392953266,,19.76238643426796
STEELES WEST EXPRESS,960,4,688,18.32830593843273,53.540697675014535,,20.924425378660636
STOCKYARDS,189,4,379,5.546730606961691,18.72295514707124,,18.543512961548352
SUNNYBROOK,124,4,590,2.7820722082913933,11.530508473220339,,14.8284311904238
SWANSEA,77,4,376,2.7911992272599897,10.773315603723404,,15.795629870406662
SYMINGTON,168,4,645,6.12253302576006,23.612403099348835,,16.225295893711117
THISTLE DOWN,118,4,364,12.129186560164442,32.23351648178571,,23.05774822656464
TORBARRIE,119,4,88,8.455328526822003,29.045454544772724,,17.810286646083696
TORONTO ZOO,200,4,78,6.73360001295805,15.21794872,,26.615740710889902
UNDERHILL,191,4,423,6.658047991159678,18.004097715177306,,22.768723635972265
VAN HORNE,10,4,41,3.476668354123831,13.3398374,,15.937238488539878
VAUGHAN,90,4,760,3.6035237695188505,15.938355260921051,,13.80616048722159
VICTORIA PARK,24,4,1126,14.356548418451371,43.58460627657193,,20.143277346705563
VICTORIA PARK,324,4,61,17.167734492997653,36.31147540934427,,28.396625271884023
VICTORIA PARK EXPRESS,924,4,96,13.596150062978268,42.20833333,,19.412199147312677
WARDEN,68,4,749,15.655943332709999,45.22743658074766,,20.790617104123484
WARDEN EXPRESS,968,4,60,12.717903635899226,35.96666667,,21.510184754291053
WARDEN SOUTH,69,4,446,7.674078852706693,22.143983557399103,,21.200887233056026
WARREN PARK,55,4,374,3.6767408054939565,14.194028518770052,,15.436453891975908
WELLESLEY,94,4,943,5.847634414560532,29.20148462307529,,12.299143642535775
WEST MALL,112,4,549,14.964941836879987,39.17449908850638,,22.865828631023756
WESTON,89,4,1029,9.66081674856046,35.23032069892129,,16.940200979429033
WESTON EXPRESS,989,4,68,15.73645056784153,53.89705882,,17.66693425015728
WESTON RD NORTH,165,4,1261,17.256892068632105,51.58054454138778,,20.52077848015673
WILLOWDALE-SENLAC,98,4,373,10.773031277846714,30.267247541179625,,21.520565978736887
WILSON,396,4,76,19.354226052761078,42.69473684,,27.132337384618733
WILSON,96,4,1177,22.779001985862536,63.58537241703483,,21.854344983102916
WILSON EXPRESS,996,4,176,29.615062691271305,85.48551136,,20.85314263802908
WOODBINE,91,4,387,11.559752107282634,32.859991386098194,,21.369484154161206
WOODBINE SOUTH,92,4,678,2.639748194576365,10.181415930442478,,15.755131158197523
YONGE,320,4,411,15.171494817800838,45.80012165284672,,19.41326002689061
YONGE,97,4,670,10.463198307779297,42.588059702746264,,14.690229472625056
YORK MILLS,395,4,60,22.35069276889165,44.47888889,,30.150500803521307
YORK MILLS,95,4,1295,20.26071370553556,53.35958815858687,,22.9190297129441
YORK MILLS EXPRESS,995,4,148,17.953984506830977,52.77027027,,20.471271366035012
YORK UNIVERSITY HEIGHTS,107,4,510,6.723260252411459,19.712189541588234,,20.86535573167398
